  0.500000000     ,   5.38399816E-02
   1.50000000     ,   7.29621351E-02
   2.50000000     ,  0.142485395    
   3.50000000     ,  0.212050021    
   4.50000000     ,  0.197502911    
   5.50000000     ,  0.250242889    
   6.50000000     ,  0.286138296    
   7.50000000     ,  0.372547477    
   8.50000000     ,  0.374825031    
   9.50000000     ,  0.393895805    
   10.5000000     ,  0.480305046    
   11.5000000     ,  0.516160369    
   12.5000000     ,  0.535342574    
   13.5000000     ,  0.554373264    
   14.5000000     ,  0.590390086    
   15.5000000     ,  0.575802922    
   16.5000000     ,  0.662120819    
   17.5000000     ,  0.681302905    
   18.5000000     ,  0.649932504    
   19.5000000     ,  0.702632546    
   20.5000000     ,  0.755432487    
   21.5000000     ,  0.740845442    
   22.5000000     ,  0.793545485    
   23.5000000     ,  0.812727511    
   24.5000000     ,  0.798140466    
   25.5000000     ,  0.850940406    
   26.5000000     ,  0.869971216    
   27.5000000     ,  0.872218788    
   28.5000000     ,  0.925018728    
   29.5000000     ,  0.876813769    
   30.5000000     ,  0.912730515    
   31.5000000     ,  0.965530455    
   32.5000000     ,  0.967778027    
   33.5000000     ,  0.953290880    
   34.5000000     ,  0.955538452    
   35.5000000     ,  0.991403878    
   36.5000000     ,  0.960133433    
   37.5000000     ,   1.02961683    
   38.5000000     ,   1.04869866    
   39.5000000     ,   1.03421175    
   40.5000000     ,   1.01967597    
   41.5000000     ,   1.02192330    
   42.5000000     ,   1.05788887    
   43.5000000     ,   1.07697082    
   44.5000000     ,   1.04564929    
   45.5000000     ,   1.04789686    
   46.5000000     ,   1.08376205    
   47.5000000     ,   1.08610976    
   48.5000000     ,   1.07157373    
   49.5000000     ,   1.05698669    
   50.5000000     ,   1.09295225    
   51.5000000     ,   1.07841635    
   52.5000000     ,   1.06382930    
   53.5000000     ,   1.09979463    
   54.5000000     ,   1.13566005    
   55.5000000     ,   1.12122416    
   56.5000000     ,   1.08980262    
   57.5000000     ,   1.10888469    
   58.5000000     ,   1.12806678    
   59.5000000     ,   1.14709759    
   60.5000000     ,   1.14934516    
   61.5000000     ,   1.15169263    
   62.5000000     ,   1.13710546    
   63.5000000     ,   1.12266970    
   64.5000000     ,   1.09124804    
   65.5000000     ,   1.12716484    
   66.5000000     ,   1.11267757    
   67.5000000     ,   1.13175988    
   68.5000000     ,   1.13400722    
   69.5000000     ,   1.14073801    
   70.5000000     ,   1.04395080    
   71.5000000     ,  0.938015461    
   72.5000000     ,  0.869045973    
   73.5000000     ,  0.785293579    
   74.5000000     ,  0.720675707    
   75.5000000     ,  0.657557964    
   76.5000000     ,  0.613423109    
   77.5000000     ,  0.570688725    
   78.5000000     ,  0.511770725    
   79.5000000     ,  0.438018084    
   80.5000000     ,  0.399183750    
   81.5000000     ,  0.394818068    
   82.5000000     ,  0.323765755    
   83.5000000     ,  0.253413200    
   84.5000000     ,  0.234113216    
   85.5000000     ,  0.215513229    
   86.5000000     ,  0.164144039    
   87.5000000     ,  0.130360842    
   88.5000000     ,   9.67259407E-02
   89.5000000     ,  0.130678654    
   90.5000000     ,   8.07607174E-02
   91.5000000     ,   4.78260517E-02
   92.5000000     ,  -1.39164925E-03
   93.5000000     ,   3.40607166E-02
   94.5000000     ,  -1.45084858E-02
   95.5000000     ,  -1.28738880E-02
   96.5000000     ,  -6.15916252E-02
   97.5000000     , -0.109860897    
   98.5000000     ,  -8.98916721E-02
   99.5000000     ,  -6.94739819E-02
   100.500000     ,  -8.32738876E-02
   101.500000     ,  -7.93392658E-02
   102.500000     , -0.125808477    
   103.500000     , -0.155691624    
   104.500000     , -0.135273933    
   105.500000     , -0.164908409    
   106.500000     , -0.177708387    
   107.500000     , -0.189708471    
   108.500000     , -0.185273886    
   109.500000     , -0.197573900    
   110.500000     , -0.192539215    
   111.500000     , -0.203639269    
   112.500000     , -0.232173920    
   113.500000     , -0.192921162    
   114.500000     , -0.187686682    
   115.500000     , -0.232955933    
   116.500000     , -0.243556023    
   117.500000     , -0.220886707    
   118.500000     , -0.197768688    
   119.500000     , -0.208768845    
   120.500000     , -0.219668865    
   121.500000     , -0.196699858    
   122.500000     , -0.206699848    
   123.500000     , -0.183081865    
   124.500000     , -0.210116386    
   125.500000     , -0.237099886    
   126.500000     , -0.214381933    
   127.500000     , -0.207547188    
   128.500000     , -0.217147112    
   129.500000     , -0.210563898    
   130.500000     , -0.170511484    
   131.500000     , -0.196694613    
   132.500000     , -0.173376799    
   133.500000     , -0.199811459    
   134.500000     , -0.175942183    
   135.500000     , -0.168558836    
   136.500000     , -0.194942236    
   137.500000     , -0.169924498    
   138.500000     , -0.161889553    
   139.500000     , -0.153906345    
   140.500000     , -0.179189682    
   141.500000     , -0.154671907    
   142.500000     , -0.180206537    
   143.500000     , -0.155137300    
   144.500000     , -0.180171967    
   145.500000     , -0.137719154    
   146.500000     , -0.162353992    
   147.500000     , -0.187137127    
   148.500000     , -0.178354025    
   149.500000     , -0.135101557    
   150.500000     , -0.159784794    
   151.500000     , -0.133866787    
   152.500000     , -0.141066790    
   153.500000     , -0.166101456    
   154.500000     , -0.106214285    
   155.500000     , -0.113414288    
   156.500000     , -0.138049126    
   157.500000     , -0.162232161    
   158.500000     , -0.168432236    
   159.500000     , -0.124679804    
   160.500000     , -0.147514343    
   161.500000     , -0.103961706    
   162.500000     ,  -9.39273834E-02
   163.500000     , -0.117561817    
   164.500000     , -0.107527256    
   165.500000     , -0.164679766    
   166.500000     , -0.154545069    
   167.500000     , -0.110192537    
   168.500000     , -0.132727385    
   169.500000     , -0.121592522    
   170.500000     , -0.127392530    
   171.500000     ,  -9.94749069E-02
   172.500000     , -0.104974747    
   173.500000     , -0.111074924    
   174.500000     ,  -8.36567879E-02
   175.500000     , -0.123174906    
   176.500000     , -0.112440109    
   177.500000     , -0.117740154    
   178.500000     , -0.123140097    
   179.500000     , -0.128740072    
   180.500000     , -0.100322485    
   181.500000     ,  -7.15043545E-02
   182.500000     ,  -5.92696667E-02
   183.500000     , -0.115122318    
   184.500000     ,  -6.96697235E-02
   185.500000     , -0.108187675    
   186.500000     ,  -9.63044167E-02
   187.500000     ,  -8.38696957E-02
   188.500000     , -0.122287750    
   189.500000     ,  -5.99520206E-02
   190.500000     ,  -8.11352730E-02
   191.500000     , -0.102169752    
   192.500000     ,  -8.97352695E-02
   193.500000     ,  -7.70518780E-02
   194.500000     ,  -8.09519291E-02
   195.500000     ,  -5.08825779E-02
   196.500000     ,  -3.77993584E-02
   197.500000     ,  -9.25519466E-02
   198.500000     ,  -6.35826588E-02
   199.500000     ,  -6.71827793E-02
   200.500000     ,  -3.76646519E-02
   201.500000     ,  -5.86993694E-02
   202.500000     ,  -7.98826218E-02
   203.500000     , -0.117151976    
   204.500000     ,  -5.34646511E-02
   205.500000     ,  -9.05826092E-02
   206.500000     ,  -6.12647533E-02
   207.500000     ,  -4.82301712E-02
   208.500000     ,  -6.89647198E-02
   209.500000     ,  -3.91469002E-02
   210.500000     ,  -7.56647587E-02
   211.500000     ,  -4.64470387E-02
   212.500000     , -0.100399494    
   213.500000     ,  -5.31470776E-02
   214.500000     ,  -3.98123264E-02
   215.500000     ,  -6.02469444E-02
   216.500000     ,  -4.67121601E-02
   217.500000     ,  -6.70468807E-02
   218.500000     ,  -7.01470375E-02
   219.500000     ,  -9.02302265E-02
   220.500000     ,  -7.62469769E-02
   221.500000     ,  -6.23123646E-02
   222.500000     ,  -4.88777161E-02
   223.500000     ,  -5.19778728E-02
   224.500000     ,  -3.86946201E-02
   225.500000     ,  -4.21946049E-02
   226.500000     ,  -6.23776913E-02
   227.500000     ,  -4.86946106E-02
   228.500000     ,  -5.13944626E-02
   229.500000     ,  -5.35945892E-02
   230.500000     ,  -3.94597054E-02
   231.500000     ,  -2.49252319E-02
   232.500000     ,  -4.45597172E-02
   233.500000     ,  -1.35905743E-02
   234.500000     ,  -1.67906284E-02
   235.500000     ,  -2.01904774E-02
   236.500000     ,  -4.01253700E-02
   237.500000     ,  -4.28252220E-02
   238.500000     ,  -2.81906128E-02
   239.500000     ,  -6.43596649E-02
   240.500000     ,  -3.32906246E-02
   241.500000     ,  -5.17253876E-02
   242.500000     ,  -3.64904404E-02
   243.500000     ,  -3.85904312E-02
   244.500000     ,  -4.05905247E-02
   245.500000     ,  -4.23905849E-02
   246.500000     ,  -2.81074047E-02
   247.500000     ,   3.16190720E-03
   248.500000     ,  -3.35073471E-02
   249.500000     ,  -5.29904366E-02
   250.500000     ,  -3.82072926E-02
   251.500000     ,  -4.00073528E-02
   252.500000     ,  -7.63797760E-03
   253.500000     ,  -4.26073074E-02
   254.500000     ,  -4.43072319E-02
   255.500000     ,  -4.64072227E-02
   256.500000     ,  -1.46381855E-02
   257.500000     ,  -1.69379711E-02
   258.500000     ,  -2.25472450E-03
   259.500000     ,  -2.08380222E-02
   260.500000     ,  -5.66072464E-02
   261.500000     ,  -4.15728092E-02
   262.500000     ,  -4.28729057E-02
   263.500000     ,  -4.49728966E-02
   264.500000     ,  -1.38547421E-02
   265.500000     ,  -1.53548717E-02
   266.500000     ,  -5.00729084E-02
   267.500000     ,  -3.48379612E-02
   268.500000     ,  -3.69381905E-02
   269.500000     ,  -3.89380455E-02
   270.500000     ,  -2.45547295E-02
   271.500000     ,   4.10323143E-02
   272.500000     ,  -2.77547836E-02
   273.500000     ,  -1.32203102E-02
   274.500000     ,   1.71446800E-03
   275.500000     ,  -3.41548920E-02
   276.500000     ,  -1.93202496E-02
   277.500000     ,  -3.77547741E-02
   278.500000     ,  -5.28550148E-03
   279.500000     ,  -2.42202282E-02
   280.500000     ,   7.69758224E-03
   281.500000     ,  -1.07855797E-02
   282.500000     ,  -1.17855072E-02
   283.500000     ,   4.09770012E-03
   284.500000     ,   2.39753723E-03
   285.500000     ,  -1.55856609E-02
   286.500000     ,   1.64322853E-02
   287.500000     ,  -1.88856125E-02
   288.500000     ,  -4.40239906E-03
   289.500000     ,   2.81667709E-02
   290.500000     ,  -2.39856243E-02
   291.500000     ,  -4.20203209E-02
   292.500000     ,  -9.30237770E-03
   293.500000     ,  -1.05023384E-02
   294.500000     ,   5.13243675E-03
   295.500000     ,   3.63230705E-03
   296.500000     ,   2.33244896E-03
   297.500000     ,   1.23238564E-03
   298.500000     ,   1.72667503E-02
   299.500000     ,   1.59668922E-02
   300.500000     ,  -1.76763535E-03
   301.500000     ,  -1.96022987E-02
   302.500000     ,  -2.09023952E-02
   303.500000     ,  -2.24022865E-02
   304.500000     ,  -6.66761398E-03
   305.500000     ,  -7.76767731E-03
   306.500000     ,   8.56685638E-03
   307.500000     ,   7.46679306E-03
   308.500000     ,   2.28500366E-02
   309.500000     ,  -1.24676228E-02
   310.500000     ,   2.56681442E-03
   311.500000     ,   1.76692009E-03
   312.500000     ,   6.66856766E-04
   313.500000     ,   1.65500641E-02
   314.500000     ,   1.53501034E-02
   315.500000     ,  -1.94675922E-02
   316.500000     ,  -3.33309174E-03
   317.500000     ,   1.26500130E-02
   318.500000     ,   1.21500492E-02
   319.500000     ,   1.09500885E-02
   320.500000     ,  -7.23314285E-03
   321.500000     ,  -8.13317299E-03
   322.500000     ,  -2.52676010E-02
   323.500000     ,  -9.23323631E-03
   324.500000     ,  -2.68676281E-02
   325.500000     ,  -2.72676945E-02
   326.500000     ,   2.21847296E-02
   327.500000     ,   2.12846994E-02
   328.500000     ,   3.65018845E-03
   329.500000     ,   2.25019455E-03
   330.500000     ,  -1.51331425E-02
   331.500000     ,   1.71846151E-02
   332.500000     ,  -3.44676971E-02
   333.500000     ,  -2.04992294E-03
   334.500000     ,   1.40846968E-02
   335.500000     ,   1.32848024E-02
   336.500000     ,  -3.94988060E-03
   337.500000     ,  -4.54998016E-03
   338.500000     ,  -5.74994087E-03
   339.500000     ,  -6.54983521E-03
   340.500000     ,  -2.39331722E-02
   341.500000     ,   9.08482075E-03
   342.500000     ,   2.55193710E-02
   343.500000     ,   8.58461857E-03
   344.500000     ,  -8.54992867E-03
   345.500000     ,  -9.44995880E-03
   346.500000     ,   6.78479671E-03
   347.500000     ,   6.48462772E-03
   348.500000     ,  -1.04498863E-02
   349.500000     ,  -1.12497807E-02
   350.500000     ,   5.38480282E-03
   351.500000     ,  -1.21498108E-02
   352.500000     ,   3.88467312E-03
   353.500000     ,  -1.39498711E-02
   354.500000     ,   2.68471241E-03
   355.500000     ,   5.19372225E-02
   356.500000     ,   1.69193745E-02
   357.500000     ,  -1.11520290E-03
   358.500000     ,   1.52194500E-02
   359.500000     ,   1.44193172E-02
   360.500000     ,   1.38192177E-02
   361.500000     ,  -3.41522694E-03
   362.500000     ,   1.34193897E-02
   363.500000     ,  -3.81529331E-03
   364.500000     ,  -5.31518459E-03
   365.500000     ,   2.78025866E-02
   366.500000     ,   1.10192299E-02
   367.500000     ,   1.07192993E-02
   368.500000     ,   2.76027918E-02
   369.500000     ,   1.03192329E-02
   370.500000     ,   1.00193024E-02
   371.500000     ,   9.61923599E-03
   372.500000     ,  -7.61520863E-03
   373.500000     ,   8.31937790E-03
   374.500000     ,   7.81941414E-03
   375.500000     ,   4.06371355E-02
   376.500000     ,  -1.07153654E-02
   377.500000     ,   2.19026804E-02
   378.500000     ,   2.20025778E-02
   379.500000     ,   2.18027830E-02
   380.500000     ,   3.91936302E-03
   381.500000     ,   1.97027922E-02
   382.500000     ,   2.91943550E-03
   383.500000     ,   1.89026594E-02
   384.500000     ,   1.81937218E-03
   385.500000     ,   1.81937218E-03
   386.500000     ,  -3.21497917E-02
   387.500000     ,  -1.66152716E-02
   388.500000     ,   1.68026686E-02
   389.500000     ,   1.76028013E-02
   390.500000     ,   4.19378281E-04
   391.500000     ,   1.66026354E-02
   392.500000     ,  -1.69152021E-02
   393.500000     ,   3.30373049E-02
   394.500000     ,   1.55025721E-02
   395.500000     ,   1.49027109E-02
   396.500000     ,  -1.58071518E-03
   397.500000     ,  -1.68061256E-03
   398.500000     ,   1.39027834E-02
   399.500000     ,   1.37027502E-02
   400.500000     ,  -3.48067284E-03
   401.500000     ,   1.30027533E-02
   402.500000     ,  -3.28063965E-03
   403.500000     ,  -2.01152563E-02
   404.500000     ,  -2.03152895E-02
   405.500000     ,   1.33026838E-02
   406.500000     ,   1.31026506E-02
   407.500000     ,   1.24026537E-02
   408.500000     ,   1.17026567E-02
   409.500000     ,  -6.28066063E-03
   410.500000     ,  -6.78062439E-03
   411.500000     ,   9.80269909E-03
   412.500000     ,   4.35717106E-02
   413.500000     ,   2.65372992E-02
   414.500000     ,   9.30273533E-03
   415.500000     ,  -8.08072090E-03
   416.500000     ,   8.90266895E-03
   417.500000     ,  -7.78055191E-03
   418.500000     ,  -2.53151655E-02
   419.500000     ,   7.60257244E-03
   420.500000     ,   2.45372057E-02
   421.500000     ,   2.45372057E-02
   422.500000     ,   7.40277767E-03
   423.500000     ,   6.80267811E-03
   424.500000     ,   6.00278378E-03
   425.500000     ,   2.22371817E-02
   426.500000     ,  -1.16806030E-02
   427.500000     ,   4.90272045E-03
   428.500000     ,   2.16370821E-02
   429.500000     ,   4.50265408E-03
   430.500000     ,   2.03372240E-02
   431.500000     ,  -1.30805969E-02
   432.500000     ,   2.02370882E-02
   433.500000     ,   4.10258770E-03
   434.500000     ,   2.11371183E-02
   435.500000     ,   4.00269032E-03
   436.500000     ,   2.05372572E-02
   437.500000     ,  -1.36806965E-02
   438.500000     ,   1.97371244E-02
   439.500000     ,   2.03372240E-02
   440.500000     ,   3.70717049E-02
   441.500000     ,   5.34552336E-02
   442.500000     ,   2.03372240E-02
   443.500000     ,   3.10266018E-03
   444.500000     ,   1.95370913E-02
   445.500000     ,   3.65717411E-02
   446.500000     ,   1.90371275E-02
   447.500000     ,   5.16551733E-02
   448.500000     ,  -1.61807537E-02
   449.500000     ,   5.02705574E-04
   450.500000     ,  -1.61807537E-02
   451.500000     ,   3.47719193E-02
   452.500000     ,  -1.53806210E-02
   453.500000     ,   1.77372694E-02
   454.500000     ,   3.41718197E-02
   455.500000     ,   5.05551100E-02
   456.500000     ,   5.02551794E-02
   457.500000     ,   1.63372755E-02
   458.500000     ,  -1.09732151E-03
   459.500000     ,   1.60371065E-02
   460.500000     ,   1.59372091E-02
   461.500000     ,   1.55371428E-02
   462.500000     ,   3.20718288E-02
   463.500000     ,   4.92552519E-02
   464.500000     ,   3.16717625E-02
   465.500000     ,   1.43371820E-02
   466.500000     ,  -1.96807384E-02
   467.500000     ,  -3.09741497E-03
   468.500000     ,  -3.29720974E-03
   469.500000     ,   3.03719044E-02
   470.500000     ,   2.91717052E-02
   471.500000     ,  -5.19740582E-03
   472.500000     ,   1.15371943E-02
   473.500000     ,   2.86717415E-02
   474.500000     ,   2.84717083E-02
   475.500000     ,   1.13371611E-02
   476.500000     ,  -4.79733944E-03
   477.500000     ,   1.17372274E-02
   478.500000     ,  -2.14805603E-02
   479.500000     ,  -4.49740887E-03
   480.500000     ,  -3.59737873E-03
   481.500000     ,  -3.49724293E-03
   482.500000     ,  -3.69727612E-03
   483.500000     ,   2.94718742E-02
   484.500000     ,   1.20371580E-02
   485.500000     ,   4.54550982E-02
   486.500000     ,   1.16370916E-02
   487.500000     ,  -5.39720058E-03
   488.500000     ,   1.13371611E-02
   489.500000     ,   1.11371279E-02
   490.500000     ,   1.09370947E-02
   491.500000     ,   1.03372335E-02
   492.500000     ,  -7.19726086E-03
   493.500000     ,  -7.89725780E-03
   494.500000     ,   9.03713703E-03
   495.500000     ,   9.43720341E-03
   496.500000     ,   9.33730602E-03
   497.500000     ,   4.24550772E-02
   498.500000     ,  -8.29732418E-03
   499.500000     ,   8.53717327E-03
   500.500000     ,   8.23724270E-03
   501.500000     ,   7.33721256E-03
   502.500000     ,   6.73711300E-03
   503.500000     ,   7.03728199E-03
   504.500000     ,   6.43718243E-03
   505.500000     ,   2.33716965E-02
   506.500000     ,   2.37717628E-02
   507.500000     ,   2.35717297E-02
   508.500000     ,   6.43718243E-03
   509.500000     ,  -1.04972124E-02
   510.500000     ,   6.03711605E-03
   511.500000     ,   6.03711605E-03
   512.500000     ,   5.93721867E-03
   513.500000     ,   6.23714924E-03
   514.500000     ,   2.32717991E-02
   515.500000     ,   6.53707981E-03
   516.500000     ,   3.98551226E-02
   517.500000     ,   2.30717659E-02
   518.500000     ,   6.03711605E-03
   519.500000     ,   5.83708286E-03
   520.500000     ,   2.26716995E-02
   521.500000     ,   2.28717327E-02
   522.500000     ,   5.53715229E-03
   523.500000     ,   5.43725491E-03
   524.500000     ,   5.63728809E-03
   525.500000     ,   2.23717690E-02
   526.500000     ,   2.18718052E-02
   527.500000     ,  -2.91807652E-02
   528.500000     ,  -2.92806625E-02
   529.500000     ,   4.33719158E-03
   530.500000     ,   4.93729115E-03
   531.500000     ,  -1.18972063E-02
   532.500000     ,   5.23722172E-03
   533.500000     ,   5.13708591E-03
   534.500000     ,  -1.15972757E-02
   535.500000     ,   3.92552614E-02
   536.500000     ,   5.63728809E-03
   537.500000     ,   5.55896759E-02
   538.500000     ,   2.17719078E-02
   539.500000     ,   2.12717056E-02
   540.500000     ,   2.12717056E-02
   541.500000     ,  -1.28973722E-02
   542.500000     ,   3.53729725E-03
   543.500000     ,   2.00717449E-02
   544.500000     ,   3.23712826E-03
   545.500000     ,   3.65551710E-02
   546.500000     ,   2.13730335E-03
   547.500000     ,   2.53713131E-03
   548.500000     ,   3.33726406E-03
   549.500000     ,  -1.35973692E-02
   550.500000     ,   3.23712826E-03
   551.500000     ,   3.23712826E-03
   552.500000     ,   2.02717781E-02
   553.500000     ,   3.72551680E-02
   554.500000     ,   1.96719170E-02
   555.500000     ,   2.33709812E-03
   556.500000     ,   2.33709812E-03
   557.500000     ,   1.88717842E-02
   558.500000     ,   5.26897907E-02
   559.500000     ,  -1.51973963E-02
   560.500000     ,   1.75716877E-02
   561.500000     ,   5.17897606E-02
   562.500000     ,   1.81717873E-02
   563.500000     ,   3.44551802E-02
   564.500000     ,   9.37104225E-04
   565.500000     ,   9.37104225E-04
   566.500000     ,   1.23727322E-03
   567.500000     ,   3.47551107E-02
   568.500000     ,  -1.61973238E-02
   569.500000     ,   6.37173653E-04
   570.500000     ,   3.43550444E-02
   571.500000     ,   3.45550776E-02
   572.500000     ,   1.66718960E-02
   573.500000     ,   3.33551168E-02
   574.500000     ,   1.65717602E-02
   575.500000     ,   3.27552557E-02
   576.500000     ,   4.88898754E-02
   577.500000     ,   1.50718689E-02
   578.500000     ,  -1.85972452E-02
   579.500000     ,   3.17550898E-02
   580.500000     ,   1.45719051E-02
   581.500000     ,  -2.96270847E-03
   582.500000     ,   1.30717754E-02
   583.500000     ,   3.04552317E-02
   584.500000     ,  -2.36284733E-03
   585.500000     ,  -2.06291676E-03
   586.500000     ,  -1.16288662E-03
   587.500000     ,   1.59718990E-02
   588.500000     ,   3.24550867E-02
   589.500000     ,   1.53717995E-02
   590.500000     ,   3.16551924E-02
   591.500000     ,  -1.96278095E-03
   592.500000     ,   3.13552618E-02
   593.500000     ,  -2.26271152E-03
   594.500000     ,   1.44717693E-02
   595.500000     ,  -2.06291676E-03
   596.500000     ,   3.14551592E-02
   597.500000     ,   1.49717331E-02
   598.500000     ,  -2.16281414E-03
   599.500000     ,  -1.90972090E-02
   600.500000     ,   1.43718719E-02
   601.500000     ,   1.40717030E-02
   602.500000     ,   6.32243156E-02
   603.500000     ,   4.63898182E-02
   604.500000     ,   1.25718117E-02
   605.500000     ,   1.20718479E-02
   606.500000     ,   4.57897186E-02
   607.500000     ,   2.93551683E-02
   608.500000     ,   1.24719143E-02
   609.500000     ,  -4.66287136E-03
   610.500000     ,   2.88552046E-02
   611.500000     ,   2.81552076E-02
   612.500000     ,   1.10719204E-02
   613.500000     ,   4.41896915E-02
   614.500000     ,   2.69552469E-02
   615.500000     ,   9.47189331E-03
   616.500000     ,   2.62552500E-02
   617.500000     ,  -6.86275959E-03
   618.500000     ,   9.97185707E-03
   619.500000     ,   1.01718903E-02
   620.500000     ,   2.72551775E-02
   621.500000     ,   1.03719234E-02
   622.500000     ,  -6.26289845E-03
   623.500000     ,   2.74552107E-02
   624.500000     ,  -5.26273251E-03
   625.500000     ,   2.91551352E-02
   626.500000     ,   6.29243851E-02
   627.500000     ,   2.90552378E-02
   628.500000     ,   1.20718479E-02
   629.500000     ,   1.19717121E-02
   630.500000     ,   1.16717815E-02
   631.500000     ,   4.58898544E-02
   632.500000     ,  -4.26280499E-03
   633.500000     ,   2.89551020E-02
   634.500000     ,   2.90552378E-02
   635.500000     ,   2.87550688E-02
   636.500000     ,   4.53898907E-02
   637.500000     ,   1.08718872E-02
   638.500000     ,   2.73550749E-02
   639.500000     ,   4.38897610E-02
   640.500000     ,   9.37175751E-03
   641.500000     ,   9.57179070E-03
   642.500000     ,   1.00717545E-02
   643.500000     ,   1.05717182E-02
   644.500000     ,   1.05717182E-02
   645.500000     ,  -2.25971937E-02
   646.500000     ,   4.47897911E-02
   647.500000     ,   1.05717182E-02
   648.500000     ,  -2.35973597E-02
   649.500000     ,   2.68551111E-02
   650.500000     ,   2.69552469E-02
   651.500000     ,   2.62552500E-02
   652.500000     ,  -7.36272335E-03
   653.500000     ,  -7.56275654E-03
   654.500000     ,  -6.96289539E-03
   655.500000     ,   6.03241920E-02
   656.500000     ,   2.66550779E-02
   657.500000     ,   2.71552801E-02
   658.500000     ,  -6.56282902E-03
   659.500000     ,   2.68551111E-02
   660.500000     ,   4.36897278E-02
   661.500000     ,   2.68551111E-02
   662.500000     ,   9.77182388E-03
   663.500000     ,   2.61551142E-02
   664.500000     ,   2.53552198E-02
   665.500000     ,   4.16898727E-02
   666.500000     ,   2.44551897E-02
   667.500000     ,   2.39552259E-02
   668.500000     ,   7.67183304E-03
   669.500000     ,   2.46552229E-02
   670.500000     ,   8.47172737E-03
   671.500000     ,   4.21898365E-02
   672.500000     ,  -8.66281986E-03
   673.500000     ,  -9.06288624E-03
   674.500000     ,  -2.60974169E-02
   675.500000     ,   2.46552229E-02
   676.500000     ,   7.57169724E-03
   677.500000     ,  -2.63973475E-02
   678.500000     ,  -9.66274738E-03
   679.500000     ,   2.42551565E-02
   680.500000     ,  -9.06288624E-03
   681.500000     ,  -9.06288624E-03
   682.500000     ,   2.44551897E-02
   683.500000     ,   2.46552229E-02
   684.500000     ,   8.17179680E-03
   685.500000     ,  -8.96275043E-03
   686.500000     ,  -9.16278362E-03
   687.500000     ,   2.51551867E-02
   688.500000     ,   2.52550840E-02
   689.500000     ,   8.57186317E-03
   690.500000     ,   8.57186317E-03
   691.500000     ,  -8.46278667E-03
   692.500000     ,   7.97176361E-03
   693.500000     ,   7.67183304E-03
   694.500000     ,   2.47551203E-02
   695.500000     ,   2.46552229E-02
   696.500000     ,  -9.46271420E-03
   697.500000     ,   2.37551928E-02
   698.500000     ,   2.36550570E-02
   699.500000     ,   2.33551264E-02
   700.500000     ,   2.32552290E-02
   701.500000     ,   2.36550570E-02
   702.500000     ,   2.34552622E-02
   703.500000     ,   2.36550570E-02
   704.500000     ,   2.36550570E-02
   705.500000     ,   6.47187233E-03
   706.500000     ,   2.31550932E-02
   707.500000     ,  -1.04628801E-02
   708.500000     ,  -2.73972750E-02
   709.500000     ,  -1.06629133E-02
   710.500000     ,   6.87170029E-03
   711.500000     ,  -9.86278057E-03
   712.500000     ,   2.37551928E-02
   713.500000     ,  -9.86278057E-03
   714.500000     ,   2.36550570E-02
   715.500000     ,  -9.46271420E-03
   716.500000     ,   7.57169724E-03
   717.500000     ,  -9.06288624E-03
   718.500000     ,   7.07173347E-03
   719.500000     ,   2.42551565E-02
   720.500000     ,   4.14898396E-02
   721.500000     ,  -8.76271725E-03
   722.500000     ,   8.37182999E-03
   723.500000     ,   2.58551836E-02
   724.500000     ,   4.23898697E-02
   725.500000     ,   4.23898697E-02
   726.500000     ,   8.97169113E-03
   727.500000     ,   4.22897339E-02
   728.500000     ,   9.37175751E-03
   729.500000     ,  -8.06272030E-03
   730.500000     ,   8.37182999E-03
   731.500000     ,   7.77173042E-03
   732.500000     ,   4.06897068E-02
   733.500000     ,   4.03897762E-02
   734.500000     ,   4.04896736E-02
   735.500000     ,   4.05898094E-02
   736.500000     ,   4.02898788E-02
   737.500000     ,   3.96897793E-02
   738.500000     ,   5.97190857E-03
   739.500000     ,   2.29550600E-02
   740.500000     ,   2.32552290E-02
   741.500000     ,   4.01897430E-02
   742.500000     ,   6.57176971E-03
   743.500000     ,   4.04896736E-02
   744.500000     ,   2.41552591E-02
   745.500000     ,  -9.46271420E-03
   746.500000     ,   2.37551928E-02
   747.500000     ,   2.42551565E-02
   748.500000     ,   4.16898727E-02
   749.500000     ,   2.47551203E-02
   750.500000     ,   7.97176361E-03
   751.500000     ,   2.45550871E-02
   752.500000     ,   5.79242706E-02
   753.500000     ,   6.57176971E-03
   754.500000     ,   6.97183609E-03
   755.500000     ,   6.87170029E-03
   756.500000     ,   7.37190247E-03
   757.500000     ,   2.44551897E-02
   758.500000     ,   2.48552561E-02
   759.500000     ,   7.57075548E-02
   760.500000     ,   7.77173042E-03
   761.500000     ,   6.97183609E-03
   762.500000     ,   6.97183609E-03
   763.500000     ,   2.37551928E-02
   764.500000     ,  -9.76288319E-03
   765.500000     ,   2.34552622E-02
   766.500000     ,   4.03897762E-02
   767.500000     ,   6.47187233E-03
   768.500000     ,   6.57176971E-03
   769.500000     ,   3.95898819E-02
   770.500000     ,   2.22550631E-02
   771.500000     ,   4.87184525E-03
   772.500000     ,   2.16552019E-02
   773.500000     ,  -1.16628408E-02
   774.500000     ,   2.23551989E-02
   775.500000     ,   2.25552320E-02
   776.500000     ,   3.94897461E-02
   777.500000     ,   2.26551294E-02
   778.500000     ,   2.27552652E-02
   779.500000     ,   2.26551294E-02
   780.500000     ,   5.67173958E-03
   781.500000     ,  -1.12627745E-02
   782.500000     ,   3.87897491E-02
   783.500000     ,   2.17550993E-02
   784.500000     ,   2.15550661E-02
   785.500000     ,   4.67181206E-03
   786.500000     ,   2.07551718E-02
   787.500000     ,   2.00551748E-02
   788.500000     ,   5.34243584E-02
   789.500000     ,   5.34243584E-02
   790.500000     ,   1.99552774E-02
   791.500000     ,  -1.38627291E-02
   792.500000     ,   3.66897583E-02
   793.500000     ,  -1.37628317E-02
   794.500000     ,  -1.43626928E-02
   795.500000     ,   1.92552805E-02
   796.500000     ,   5.20243645E-02
   797.500000     ,   3.51898670E-02
   798.500000     ,   3.50897312E-02
   799.500000     ,   3.49898338E-02
   800.500000     ,   1.77551508E-02
   801.500000     ,   3.45897675E-02
   802.500000     ,   7.71760941E-04
   803.500000     ,  -3.25974226E-02
   804.500000     ,   1.87182426E-03
   805.500000     ,   3.63898277E-02
   806.500000     ,   1.99552774E-02
   807.500000     ,   1.98551416E-02
   808.500000     ,   3.66897583E-02
   809.500000     ,   3.67898941E-02
   810.500000     ,   2.04552412E-02
   811.500000     ,   2.01550722E-02
   812.500000     ,   3.66897583E-02
   813.500000     ,   2.03551054E-02
   814.500000     ,   2.02552080E-02
   815.500000     ,   1.99552774E-02
   816.500000     ,   1.96551085E-02
   817.500000     ,   2.17175484E-03
   818.500000     ,   1.85550451E-02
   819.500000     ,   3.59897614E-02
   820.500000     ,   3.68897915E-02
   821.500000     ,   2.87175179E-03
   822.500000     ,   5.29243946E-02
   823.500000     ,   1.93551779E-02
   824.500000     ,   3.57897282E-02
   825.500000     ,   1.89551115E-02
   826.500000     ,   5.26242256E-02
   827.500000     ,   5.17241955E-02
   828.500000     ,   5.14242649E-02
   829.500000     ,  -1.60628557E-02
   830.500000     ,  -1.69628859E-02
   831.500000     ,   3.33898067E-02
   832.500000     ,   1.73550844E-02
   833.500000     ,   3.43897343E-02
   834.500000     ,   3.39896679E-02
   835.500000     ,  -1.28269196E-04
   836.500000     ,  -4.28199768E-04
   837.500000     ,  -2.28166580E-04
   838.500000     ,   3.33898067E-02
   839.500000     ,   6.76075220E-02
   840.500000     ,   3.43897343E-02
   841.500000     ,   1.70551538E-02
   842.500000     ,   6.71863556E-04
   843.500000     ,   1.37186050E-03
   844.500000     ,   1.57189369E-03
   845.500000     ,   3.56898308E-02
   846.500000     ,   1.88552141E-02
   847.500000     ,   2.17175484E-03
   848.500000     ,   1.88552141E-02
   849.500000     ,   1.90552473E-02
   850.500000     ,  -1.44628286E-02
   851.500000     ,   1.94550753E-02
   852.500000     ,   1.95552111E-02
   853.500000     ,   1.94550753E-02
   854.500000     ,   2.57182121E-03
   855.500000     ,   1.94550753E-02
   856.500000     ,   3.63898277E-02
   857.500000     ,  -1.33627653E-02
   858.500000     ,   2.05551386E-02
   859.500000     ,   3.73897552E-02
   860.500000     ,   3.07178497E-03
   861.500000     ,   3.64897251E-02
   862.500000     ,   5.38241863E-02
   863.500000     ,   3.57174873E-03
   864.500000     ,   2.00551748E-02
   865.500000     ,   5.39243221E-02
   866.500000     ,  -1.33627653E-02
   867.500000     ,   2.06552744E-02
   868.500000     ,  -1.29626989E-02
   869.500000     ,   2.00551748E-02
   870.500000     ,   2.02552080E-02
   871.500000     ,   2.08550692E-02
   872.500000     ,   3.79898548E-02
   873.500000     ,   3.97181511E-03
   874.500000     ,   4.17184830E-03
   875.500000     ,   2.06552744E-02
   876.500000     ,   3.47185135E-03
   877.500000     ,   2.00551748E-02
   878.500000     ,   3.17192078E-03
   879.500000     ,   3.65898609E-02
   880.500000     ,   1.99552774E-02
   881.500000     ,   3.57174873E-03
   882.500000     ,   3.17192078E-03
   883.500000     ,  -1.39628649E-02
   884.500000     ,  -3.07973623E-02
   885.500000     ,   2.05551386E-02
   886.500000     ,   2.16552019E-02
   887.500000     ,   4.27174568E-03
   888.500000     ,   5.37242889E-02
   889.500000     ,   2.67171860E-03
   890.500000     ,   3.61897945E-02
   891.500000     ,   2.37178802E-03
   892.500000     ,   3.55896950E-02
   893.500000     ,   1.88552141E-02
   894.500000     ,   1.87550783E-02
   895.500000     ,   1.89551115E-02
   896.500000     ,   1.89551115E-02
   897.500000     ,   2.27189064E-03
   898.500000     ,   3.53896618E-02
   899.500000     ,   1.97172165E-03
   900.500000     ,   1.88552141E-02
   901.500000     ,   1.87182426E-03
   902.500000     ,   1.97172165E-03
   903.500000     ,   5.33242226E-02
   904.500000     ,   3.27181816E-03
   905.500000     ,   3.07178497E-03
   906.500000     ,   3.69896889E-02
   907.500000     ,   3.64897251E-02
   908.500000     ,   3.60898972E-02
   909.500000     ,   1.87550783E-02
   910.500000     ,   1.82551146E-02
   911.500000     ,   3.55896950E-02
   912.500000     ,   5.32243252E-02
   913.500000     ,   3.69896889E-02
   914.500000     ,   2.00551748E-02
   915.500000     ,   1.98551416E-02
   916.500000     ,   2.07185745E-03
   917.500000     ,  -1.50629282E-02
   918.500000     ,  -1.46628618E-02
   919.500000     ,   1.92552805E-02
   920.500000     ,   2.17175484E-03
   921.500000     ,   1.83552504E-02
   922.500000     ,   1.83552504E-02
   923.500000     ,   2.17175484E-03
   924.500000     ,   1.90552473E-02
   925.500000     ,   3.54897976E-02
   926.500000     ,   3.50897312E-02
   927.500000     ,  -1.54627562E-02
   928.500000     ,   1.83552504E-02
   929.500000     ,   1.86551809E-02
   930.500000     ,   3.55896950E-02
   931.500000     ,   3.55896950E-02
   932.500000     ,   2.17175484E-03
   933.500000     ,   1.92552805E-02
   934.500000     ,   3.57897282E-02
   935.500000     ,   1.87182426E-03
   936.500000     ,   1.86551809E-02
   937.500000     ,   1.97172165E-03
   938.500000     ,   1.88552141E-02
   939.500000     ,   1.37186050E-03
   940.500000     ,   1.81552172E-02
   941.500000     ,   1.88552141E-02
   942.500000     ,   2.57182121E-03
   943.500000     ,   1.90552473E-02
   944.500000     ,   2.57182121E-03
   945.500000     ,   5.31241894E-02
   946.500000     ,   1.94550753E-02
   947.500000     ,   1.93551779E-02
   948.500000     ,   3.62896919E-02
   949.500000     ,   3.62896919E-02
   950.500000     ,   1.90552473E-02
   951.500000     ,   1.83552504E-02
   952.500000     ,  -3.19973230E-02
   953.500000     ,   1.85550451E-02
   954.500000     ,  -1.48628950E-02
   955.500000     ,   1.87550783E-02
   956.500000     ,   1.92552805E-02
   957.500000     ,   1.94550753E-02
   958.500000     ,   5.29243946E-02
   959.500000     ,   1.86551809E-02
   960.500000     ,  -1.56627893E-02
   961.500000     ,   1.76552534E-02
   962.500000     ,   1.17182732E-03
   963.500000     ,  -1.60628557E-02
   964.500000     ,   1.72551870E-02
   965.500000     ,   1.81552172E-02
   966.500000     ,   1.83552504E-02
   967.500000     ,   1.87182426E-03
   968.500000     ,   3.56898308E-02
   969.500000     ,  -3.20972204E-02
   970.500000     ,   1.67179108E-03
   971.500000     ,  -3.14973593E-02
   972.500000     ,  -1.49627924E-02
   973.500000     ,  -1.42627954E-02
   974.500000     ,   3.63898277E-02
   975.500000     ,  -3.09973955E-02
   976.500000     ,   1.87182426E-03
   977.500000     ,   1.89551115E-02
   978.500000     ,   1.93551779E-02
   979.500000     ,   1.99552774E-02
   980.500000     ,   2.97188759E-03
   981.500000     ,   3.58898640E-02
   982.500000     ,   2.47192383E-03
   983.500000     ,   1.87550783E-02
   984.500000     ,   3.57897282E-02
   985.500000     ,   1.92552805E-02
   986.500000     ,   1.84551477E-02
   987.500000     ,  -3.27972174E-02
   988.500000     ,   1.71899796E-04
   989.500000     ,  -3.28302383E-04
   990.500000     ,  -3.40973139E-02
   991.500000     ,  -1.28269196E-04
   992.500000     ,   1.68551207E-02
   993.500000     ,   1.67552233E-02
   994.500000     ,   1.64550543E-02
   995.500000     ,   3.37898731E-02
   996.500000     ,  -3.36972475E-02
   997.500000     ,   3.39896679E-02
   998.500000     ,   1.75551176E-02
   999.500000     ,   1.76552534E-02
   1000.50000     ,   1.17182732E-03
   1001.50000     ,   1.81552172E-02
   1002.50000     ,   1.85550451E-02
   1003.50000     ,   1.37186050E-03
   1004.50000     ,   3.49898338E-02
   1005.50000     ,   5.17241955E-02
   1006.50000     ,   1.75551176E-02
   1007.50000     ,   1.75551176E-02
   1008.50000     ,   6.71863556E-04
   1009.50000     ,   7.71760941E-04
   1010.50000     ,   3.42898369E-02
   1011.50000     ,  -3.27972174E-02
   1012.50000     ,   3.39896679E-02
   1013.50000     ,   1.69552565E-02
   1014.50000     ,   1.65551901E-02
   1015.50000     ,   1.63551569E-02
   1016.50000     ,   1.68551207E-02
   1017.50000     ,   3.40898037E-02
   1018.50000     ,   1.69552565E-02
   1019.50000     ,   3.28898430E-02
   1020.50000     ,   3.27897072E-02
   1021.50000     ,   3.25896740E-02
   1022.50000     ,   1.57550573E-02
   1023.50000     ,  -1.42812729E-03
   1024.50000     ,   3.26898098E-02
   1025.50000     ,   4.97243404E-02
   1026.50000     ,   1.61551237E-02
   1027.50000     ,   3.23898792E-02
   1028.50000     ,   1.54551268E-02
   1029.50000     ,  -1.12819672E-03
   1030.50000     ,  -1.32822990E-03
   1031.50000     ,   3.30898762E-02
   1032.50000     ,  -2.81333923E-05
   1033.50000     ,   1.70551538E-02
   1034.50000     ,   1.71550512E-02
   1035.50000     ,   3.38897705E-02
   1036.50000     ,  -1.65628195E-02
   1037.50000     ,  -1.71629190E-02
   1038.50000     ,   3.33898067E-02
   1039.50000     ,   6.65076971E-02
   1040.50000     ,  -1.22809410E-03
   1041.50000     ,   4.84242439E-02
   1042.50000     ,   3.16898823E-02
   1043.50000     ,   3.16898823E-02
   1044.50000     ,   1.42551661E-02
   1045.50000     ,  -2.92825699E-03
   1046.50000     ,   1.37552023E-02
   1047.50000     ,   3.03897858E-02
   1048.50000     ,  -3.22818756E-03
   1049.50000     ,   6.44077063E-02
   1050.50000     ,   3.13897133E-02
   1051.50000     ,   1.45550966E-02
   1052.50000     ,   1.52550936E-02
   1053.50000     ,  -1.22809410E-03
   1054.50000     ,   3.29897404E-02
   1055.50000     ,   3.34897041E-02
   1056.50000     ,  -1.64629221E-02
   1057.50000     ,   1.64550543E-02
   1058.50000     ,  -1.12819672E-03
   1059.50000     ,   3.24897766E-02
   1060.50000     ,   3.26898098E-02
   1061.50000     ,  -8.28266144E-04
   1062.50000     ,   3.29897404E-02
   1063.50000     ,  -8.28266144E-04
   1064.50000     ,   3.22897434E-02
   1065.50000     ,   3.27897072E-02
   1066.50000     ,   1.63551569E-02
   1067.50000     ,   1.64550543E-02
   1068.50000     ,   3.31897736E-02
   1069.50000     ,   1.62552595E-02
