1.850500000000001592e+03,2.647046272118454002e-01
1.851500000000003411e+03,-2.918100451302870976e-02
1.852500000000005230e+03,-4.055166184560928810e-01
1.853500000000007049e+03,5.153146404275652515e-01
1.854500000000008868e+03,1.071237695732697004e+00
1.855500000000010687e+03,-7.123446359917595672e-02
1.856500000000012506e+03,3.511671071990499216e-01
1.857500000000014325e+03,-1.285006820415812046e+00
1.858500000000016144e+03,-1.531077212802058052e-01
1.859500000000017963e+03,-1.071771256072002965e+00
1.860500000000019782e+03,4.162274453156435960e-01
1.861500000000021600e+03,-8.776106028897907585e-01
1.862500000000023419e+03,-2.786729517697650871e-01
1.863500000000025238e+03,-4.886878880464807784e-01
1.864500000000027057e+03,-1.456629064796437945e+00
1.865500000000028876e+03,1.572212811239566133e-01
1.866500000000030695e+03,-6.170659329257381920e-01
1.867500000000032514e+03,5.917085139015877404e-01
1.868500000000034333e+03,1.660337765983463054e+00
1.869500000000036152e+03,4.638436507491113248e-01
1.870500000000037971e+03,8.806721651210105417e-01
1.871500000000039790e+03,5.941962710530774849e-01
1.872500000000041609e+03,4.415823699331640206e-01
1.873500000000043428e+03,5.929565358123206620e-01
1.874500000000045247e+03,8.863559748676498318e-01
1.875500000000047066e+03,-7.440266464153660886e-01
1.876500000000048885e+03,-6.402058092388773769e-01
1.877500000000050704e+03,-3.388222575519670987e-01
1.878500000000052523e+03,-1.955536406340163957e-01
1.879500000000054342e+03,-6.033047532693577297e-01
1.880500000000056389e+03,-2.562719367599960996e-01
1.881500000000058208e+03,6.072556259587382765e-01
1.882500000000060027e+03,2.226526450345378896e-02
1.883500000000061846e+03,-2.483196248555961105e-01
1.884500000000063665e+03,5.399878845217696011e-01
1.885500000000065484e+03,8.804559506992339912e-01
1.886500000000067303e+03,-1.368335459824785993e-01
1.887500000000069122e+03,2.802363258530978785e-01
1.888500000000070941e+03,-1.601961066278223988e+00
1.889500000000072760e+03,-4.561432673615771205e-01
1.890500000000074579e+03,-1.338136816161759945e+00
1.891500000000076398e+03,8.443967061108643701e-01
1.892500000000078217e+03,-6.204997322809595595e-01
1.893500000000080036e+03,-1.384827908610682112e-01
1.894500000000081855e+03,-1.444637197141445117e-01
1.895500000000083674e+03,-1.391370316523750095e+00
1.896500000000085493e+03,3.313075401953943788e-01
1.897500000000087311e+03,-4.542708910341041739e-01
1.898500000000089130e+03,7.040300481628454232e-01
1.899500000000090949e+03,1.584503746366586974e+00
1.900500000000092768e+03,2.329505042260978931e-01
1.901500000000094587e+03,7.975533801947812806e-01
1.902500000000096406e+03,5.621418238564543923e-01
1.903500000000098225e+03,7.041816389724928626e-01
1.904500000000100044e+03,4.090343941759645996e-01
1.905500000000101863e+03,3.664641887785144991e-01
1.906500000000103682e+03,9.519894114674050112e-01
1.907500000000105501e+03,-5.857114867026023131e-01
1.908500000000107320e+03,-6.519467214419434331e-01
1.909500000000109139e+03,-3.174705451669330158e-01
1.910500000000110958e+03,-8.788208280363717095e-02
1.911500000000112777e+03,-8.157177892491154214e-01
1.912500000000114596e+03,-2.189284347768092054e-01
1.913500000000116415e+03,7.495081052745772299e-01
1.914500000000118234e+03,-1.503765786230558954e-01
1.915500000000120053e+03,-7.214803608751223507e-01
1.916500000000121872e+03,5.120672009985627327e-01
1.917500000000123691e+03,1.005791028685081079e+00
1.918500000000125510e+03,-1.794143648561710991e-01
1.919500000000127329e+03,3.456031016118835120e-01
1.920500000000129148e+03,-1.635078317317202989e+00
1.921500000000130967e+03,-3.589467201468025115e-01
1.922500000000133014e+03,-1.113036865092351002e+00
1.923500000000134833e+03,1.031548896839681095e+00
1.924500000000136652e+03,-6.245349015073993204e-01
1.925500000000138471e+03,9.788138459247326673e-02
1.926500000000140290e+03,-3.460939707426173850e-01
1.927500000000142109e+03,-1.265150737188105001e+00
1.928500000000143928e+03,4.522072491909460146e-01
1.929500000000145747e+03,-5.736473205879979442e-01
1.930500000000147566e+03,8.281320463385640762e-01
1.931500000000149385e+03,1.388528009190010959e+00
1.932500000000151203e+03,1.886196282120468082e-01
1.933500000000153022e+03,8.278166385937887339e-01
1.934500000000154841e+03,3.748969359957957104e-01
1.935500000000156660e+03,3.282620869971185074e-01
1.936500000000158479e+03,5.137152007260803455e-01
1.937500000000160298e+03,8.041622447774208204e-01
1.938500000000162117e+03,-8.584375860585125029e-01
1.939500000000163936e+03,-6.477206990255751640e-01
1.940500000000165755e+03,-1.537607629174924002e-02
1.941500000000167574e+03,-8.769569836282475883e-02
1.942500000000169393e+03,-6.666809100338693117e-01
1.943500000000171212e+03,-5.033857322743768847e-01
1.944500000000173031e+03,5.149585653568647947e-01
1.945500000000174850e+03,4.954913328796822780e-02
1.946500000000176669e+03,-2.560732827735656136e-01
1.947500000000178488e+03,4.206958260727101245e-02
1.948500000000180307e+03,1.103763647433573913e+00
1.949500000000182126e+03,6.316741132589835661e-03
1.950500000000183945e+03,4.992021893361698881e-01
1.951500000000185764e+03,-1.494011997467312947e+00
1.952500000000187583e+03,-9.736717688503043755e-02
1.953500000000189402e+03,-1.078786639260651992e+00
1.954500000000191221e+03,1.020868319787535006e+00
1.955500000000193040e+03,-6.212102464130183632e-01
1.956500000000194859e+03,-1.996576409075888903e-01
1.957500000000196678e+03,-5.535231592078924123e-01
1.958500000000198497e+03,-1.348982744600254025e+00
1.959500000000200316e+03,2.066754876684843978e-01
1.960500000000202135e+03,-6.181462198779710260e-01
1.961500000000203954e+03,5.479910442058224529e-01
1.962500000000205773e+03,1.509810677424304970e+00
1.963500000000207592e+03,1.362951114167058886e-01
1.964500000000209639e+03,8.773840158730370486e-01
1.965500000000211458e+03,4.452247708985863084e-01
1.966500000000213277e+03,4.721767705067553833e-01
1.967500000000215095e+03,4.807294811602729756e-01
1.968500000000216914e+03,7.864751599520818370e-01
1.969500000000218733e+03,-9.373241604984885456e-01
1.970500000000220552e+03,-7.638245169672626123e-01
1.971500000000222371e+03,-2.438882405334397985e-01
1.972500000000224190e+03,-1.244462316573805988e-01
1.973500000000226009e+03,-4.886757529385202248e-01
1.974500000000227828e+03,-6.177033575311915992e-02
1.975500000000229647e+03,5.703697967322495233e-01
1.976500000000231466e+03,2.355316993099917933e-02
1.977500000000233285e+03,-4.980223339705107111e-01
1.978500000000235104e+03,2.885332798114190189e-01
1.979500000000236923e+03,9.118579349735885797e-01
1.980500000000238742e+03,-1.484790093081093110e-01
1.981500000000240561e+03,3.885247992107054849e-01
1.982500000000242380e+03,-1.523270393438461934e+00
1.983500000000244199e+03,-1.333701866508467115e-01
1.984500000000246018e+03,-1.217846579807623897e+00
1.985500000000247837e+03,8.341318080651309863e-01
1.986500000000249656e+03,-6.658691735712808368e-01
1.987500000000251475e+03,-1.388817010177418876e-01
1.988500000000253294e+03,-3.528741224601015802e-01
1.989500000000255113e+03,-1.258897686748712053e+00
1.990500000000256932e+03,9.380864430675850407e-02
1.991500000000258751e+03,-6.287396121796302584e-01
1.992500000000260570e+03,7.179364650132497028e-01
1.993500000000262389e+03,1.593094210299772939e+00
1.994500000000264208e+03,1.067777514585511039e-01
1.995500000000266027e+03,7.745891919349365828e-01
1.996500000000267846e+03,6.372331359012533003e-01
1.997500000000269665e+03,5.958237935247328032e-01
1.998500000000271484e+03,5.167769057563593726e-01
1.999500000000273303e+03,7.899532817448930988e-01
2.000500000000275122e+03,-7.668417828858701268e-01
2.001500000000276941e+03,-8.461830430891967847e-01
2.002500000000278760e+03,-1.583425872924429934e-01
2.003500000000280579e+03,-8.780244456213681659e-02
2.004500000000282398e+03,-5.968787656994475332e-01
2.005500000000284217e+03,-3.516983835996851937e-01
2.006500000000286263e+03,6.707477701649078305e-01
2.007500000000288082e+03,1.633370894290533948e-02
2.008500000000289901e+03,-5.405897921700527631e-01
2.009500000000291720e+03,3.781839937333840163e-01
2.010500000000293539e+03,9.632026776189086537e-01
2.011500000000295358e+03,-7.285423566883494906e-02
2.012500000000297177e+03,4.014083376422445948e-01
2.013500000000298996e+03,-1.516961604455957957e+00
2.014500000000300815e+03,-1.856539764339160958e-01
2.015500000000302634e+03,-1.243292245402140894e+00
2.016500000000304453e+03,9.334226433129516609e-01
2.017500000000306272e+03,-7.526356123756174910e-01
2.018500000000308091e+03,5.093474717215971254e-02
2.019500000000309910e+03,-4.819791343495591907e-01
2.020500000000311729e+03,-1.333163416608273977e+00
2.021500000000313548e+03,2.451703175240241006e-01
2.022500000000315367e+03,-5.241116697431880134e-01
2.023500000000317186e+03,9.549166559507455965e-01
2.024500000000319005e+03,1.737211792456859083e+00
2.025500000000320824e+03,2.003540311629065096e-01
2.026500000000322643e+03,8.647087415869703086e-01
2.027500000000324462e+03,6.384728802074408627e-01
2.028500000000326281e+03,4.889624318274012893e-01
2.029500000000328100e+03,4.561417232185808746e-01
2.030500000000329919e+03,8.105311695951475937e-01
2.031500000000331738e+03,-8.142648663830807099e-01
2.032500000000333557e+03,-6.301566898001644823e-01
2.033500000000335376e+03,-1.103454050404101966e-01
2.034500000000337195e+03,-1.781136848420117047e-01
2.035500000000339014e+03,-6.287104105448237945e-01
2.036500000000340833e+03,-2.537685308555469033e-01
2.037500000000342652e+03,5.594546795600645606e-01
2.038500000000344471e+03,-4.538072247959538258e-02
2.039500000000346290e+03,-4.452298070242308725e-01
2.040500000000348109e+03,3.506999597325631268e-01
2.041500000000349928e+03,9.750061572187651571e-01
2.042500000000351747e+03,4.746406755938548105e-02
2.043500000000353566e+03,3.860222553278168101e-01
2.044500000000355385e+03,-1.671030159136273952e+00
2.045500000000357204e+03,-2.794838206939729841e-01
2.046500000000359023e+03,-1.057511515465120899e+00
2.047500000000360842e+03,9.200773431521827028e-01
2.048500000000362888e+03,-5.972364617455829805e-01
2.049500000000364707e+03,-2.771680414991554032e-03
2.050500000000366526e+03,-3.666182061832956030e-01
2.051500000000368345e+03,-1.419087309646906991e+00
2.052500000000370164e+03,4.915047579525325117e-01
2.053500000000371983e+03,-4.314309053422522022e-01
2.054500000000373802e+03,8.167570803431928317e-01
2.055500000000375621e+03,1.365281939468635963e+00
2.056500000000377440e+03,-3.063206857175149178e-03
2.057500000000379259e+03,8.518625937065487097e-01
2.058500000000381078e+03,6.981772682989360046e-01
2.059500000000382897e+03,5.093904839666563156e-01
2.060500000000384716e+03,5.757701575775622249e-01
2.061500000000386535e+03,9.293831482100359809e-01
2.062500000000388354e+03,-7.102427236546844380e-01
2.063500000000390173e+03,-8.872380799180564770e-01
2.064500000000391992e+03,-2.699030343008728128e-01
2.065500000000393811e+03,-3.068083444934546211e-01
2.066500000000395630e+03,-4.717081025481659196e-01
2.067500000000397449e+03,-1.048652881729170011e-01
2.068500000000398813e+03,6.098945993923968745e-01
2.069500000000401087e+03,1.382289991892562131e-01
2.070500000000402906e+03,-3.585518804502217938e-01
2.071500000000404725e+03,4.147213475455904241e-01
2.072500000000406544e+03,1.044447827381010052e+00
2.073500000000408363e+03,-4.498441297582445042e-01
2.074500000000410182e+03,3.586606753138502079e-01
2.075500000000412001e+03,-1.448407540416966066e+00
2.076500000000413820e+03,-3.318944713356112852e-01
2.077500000000415639e+03,-1.035324691445514977e+00
2.078500000000417458e+03,7.378841113276063401e-01
2.079500000000419277e+03,-8.903358109652210750e-01
2.080500000000421096e+03,-2.449653581104309086e-01
2.081500000000422915e+03,-5.420865731692925404e-01
2.082500000000424734e+03,-1.357189606759670042e+00
2.083500000000426553e+03,4.342375443497630272e-01
2.084500000000428372e+03,-3.997600257096560195e-01
2.085500000000430191e+03,8.486969539848295829e-01
2.086500000000432010e+03,1.542045138277071015e+00
2.087500000000433829e+03,3.418814549384808221e-01
2.088500000000435648e+03,7.157316453438140602e-01
2.089500000000437467e+03,5.578059257630819667e-01
2.090500000000439286e+03,5.088043454007435962e-01
2.091500000000441105e+03,4.378432102996909769e-01
2.092500000000442924e+03,7.675613140916427435e-01
2.093500000000444743e+03,-8.509924775677742970e-01
2.094500000000446562e+03,-7.351296407436292979e-01
2.095500000000448381e+03,-1.095841005307500032e-01
2.096500000000450200e+03,-1.758735616380505129e-02
2.097500000000452019e+03,-5.977465384084437172e-01
2.098500000000453838e+03,-3.279300724451308935e-01
2.099500000000455657e+03,7.111102868924644715e-01
2.100500000000457476e+03,1.847868435818927901e-02
2.101500000000459295e+03,-5.519955080835795558e-01
2.102500000000461114e+03,2.893917337071481022e-01
2.103500000000462933e+03,1.067489634165571966e+00
2.104500000000464752e+03,-1.830744171357641115e-01
2.105500000000466571e+03,4.258897930690997979e-01
2.106500000000468390e+03,-1.365076847340934041e+00
2.107500000000470209e+03,-2.107143216582685052e-01
2.108500000000472028e+03,-1.196993015763115009e+00
2.109500000000473847e+03,9.880022013880552789e-01
2.110500000000475666e+03,-9.754563735606607278e-01
2.111500000000477485e+03,-2.210991201045424126e-01
2.112500000000479304e+03,-3.060483825339945785e-01
2.113500000000481123e+03,-1.318871810883565976e+00
2.114500000000482942e+03,4.607764548764168855e-01
2.115500000000484761e+03,-3.726032804752226757e-01
2.116500000000486580e+03,7.607679759366989813e-01
2.117500000000488399e+03,1.689010716823414970e+00
2.118500000000490218e+03,2.202675376076820013e-01
2.119500000000492037e+03,8.500437463408655470e-01
2.120500000000493856e+03,6.317516557553617407e-01
2.121500000000495675e+03,6.882356199100898575e-01
2.122500000000497494e+03,5.782655183183771364e-01
2.123500000000499313e+03,1.265103832281329943e+00
2.124500000000501132e+03,-7.062886836677649827e-01
2.125500000000502951e+03,-1.129483221139629956e+00
2.126500000000504770e+03,-1.069131943381125965e-01
2.127500000000506589e+03,-1.736284052326035887e-01
2.128500000000508408e+03,-5.595877064904217768e-01
2.129500000000510227e+03,-1.032257656054949013e-01
2.130500000000512046e+03,7.983192626687870552e-01
2.131500000000513865e+03,1.073838768731700949e-01
2.132500000000515683e+03,-4.700769980027386108e-01
2.133500000000517502e+03,2.527020845819579198e-01
2.134500000000519321e+03,8.843823453730893513e-01
2.135500000000521140e+03,-1.347043766309856117e-01
2.136500000000522959e+03,1.566770638035369090e-01
2.137500000000524778e+03,-1.459060866749344987e+00
2.138500000000526597e+03,-2.224802445032257048e-01
2.139500000000528416e+03,-1.120541162436597959e+00
2.140500000000530235e+03,8.999548700939562496e-01
2.141500000000532054e+03,-9.865309250194616020e-01
2.142500000000533873e+03,-2.524242639029489199e-01
2.143500000000535692e+03,-4.391640979728445027e-01
2.144500000000537511e+03,-1.285734112502294080e+00
2.145500000000539330e+03,5.990998791097961185e-01
2.146500000000541149e+03,-3.948850847060317859e-01
2.147500000000542968e+03,1.035663619129282065e+00
2.148500000000544787e+03,1.588730529993295892e+00
2.149500000000546606e+03,2.072904306329758084e-01
2.150500000000548425e+03,6.929777225668048990e-01
2.151500000000550244e+03,5.545255062021362535e-01
2.152500000000552063e+03,5.631468403698580705e-01
2.153500000000554337e+03,3.012729614608249951e-01
2.154500000000556156e+03,7.562055211500575691e-01
2.155500000000557975e+03,-5.523272809028053620e-01
2.156500000000559794e+03,-7.186328299578716994e-01
2.157500000000561613e+03,-4.116032880411498729e-01
2.158500000000563432e+03,-3.290175758792924232e-01
2.159500000000565251e+03,-4.973804202984111744e-01
2.160500000000567070e+03,-2.867046478046890723e-01
2.161500000000568889e+03,5.244986688588972878e-01
2.162500000000570708e+03,3.112522874197631850e-02
2.163500000000572527e+03,-4.123767126913749914e-01
2.164500000000574346e+03,4.118226967207260780e-01
2.165500000000576165e+03,9.042541635432232994e-01
2.166500000000577984e+03,-1.205669947736723036e-01
2.167500000000579803e+03,4.070103218567350800e-01
2.168500000000581622e+03,-1.490372927669372904e+00
2.169500000000583441e+03,-1.057515532446570011e-01
2.170500000000585260e+03,-1.054269424751699047e+00
2.171500000000587079e+03,6.395774935724525267e-01
2.172500000000588898e+03,-8.920999971781126137e-01
2.173500000000590717e+03,-3.551417514142203857e-01
2.174500000000592536e+03,-4.321953898201025823e-01
2.175500000000594355e+03,-1.484392568616385022e+00
2.176500000000596174e+03,5.476091436241227184e-01
2.177500000000597993e+03,-5.101302024938780821e-01
2.178500000000599812e+03,7.793662633242002258e-01
2.179500000000601631e+03,1.469365202679211890e+00
2.180500000000603450e+03,1.462293379131875126e-01
2.181500000000605269e+03,5.940788713609539418e-01
2.182500000000607088e+03,3.981569287754077036e-01
2.183500000000608907e+03,4.568628366452199829e-01
2.184500000000610726e+03,6.013866479021773293e-01
2.185500000000612545e+03,6.407632003682284250e-01
2.186500000000614364e+03,-5.639097260253909116e-01
2.187500000000616183e+03,-8.234277814255311911e-01
2.188500000000618002e+03,-1.596700054072540953e-01
2.189500000000619821e+03,-2.993608787461040158e-02
2.190500000000621640e+03,-4.642870486789906770e-01
2.191500000000623459e+03,-3.033627590643829253e-01
2.192500000000625278e+03,4.896964964677457122e-01
2.193500000000627097e+03,-8.812375775369110653e-02
2.194500000000628916e+03,-4.994385831694935218e-01
2.195500000000630735e+03,2.499686669933325889e-01
2.196500000000632554e+03,1.066189781068082043e+00
2.197500000000634373e+03,-2.593535226487808099e-01
2.198500000000636192e+03,2.250586744310373033e-01
2.199500000000638011e+03,-1.547875641213815046e+00
2.200500000000639830e+03,-2.445995267749150881e-01
2.201500000000641649e+03,-1.076058060135514971e+00
2.202500000000643468e+03,8.902553227560845439e-01
2.203500000000645286e+03,-6.416402480438923028e-01
2.204500000000647105e+03,-1.995663432867084142e-02
2.205500000000648924e+03,-4.074102880283195782e-01
2.206500000000650743e+03,-1.313611718699903896e+00
2.207500000000652562e+03,4.081399976609680902e-01
2.208500000000654381e+03,-7.362497877544387226e-01
2.209500000000656200e+03,8.048564914846898510e-01
2.210500000000658019e+03,1.498500766697751008e+00
2.211500000000659838e+03,3.298661183116645135e-01
2.212500000000661657e+03,8.265214260160451687e-01
2.213500000000663476e+03,2.198553280673253008e-01
2.214500000000665295e+03,4.287704189520997744e-01
2.215500000000667114e+03,6.075275036581563315e-01
2.216500000000668933e+03,1.123638817906946974e+00
2.217500000000670752e+03,-6.775960209381123311e-01
2.218500000000672571e+03,-9.971801800737694066e-01
2.219500000000674390e+03,-2.739598005038029749e-01
2.220500000000676209e+03,-2.806927419022873030e-02
2.221500000000678028e+03,-5.384100896570400696e-01
2.222500000000679847e+03,-3.546099697911809789e-01
2.223500000000681666e+03,8.934494179899652444e-01
2.224500000000683485e+03,2.581040340228940022e-01
2.225500000000685304e+03,-3.084728224796297047e-01
2.226500000000687123e+03,3.313223438823690858e-01
2.227500000000688942e+03,9.222656624861598207e-01
2.228500000000690761e+03,-3.223841786799648834e-01
2.229500000000692580e+03,3.851714406814035208e-01
2.230500000000694399e+03,-1.424149313985525911e+00
2.231500000000696218e+03,-1.220526608967440058e-01
2.232500000000698037e+03,-1.213555245676172900e+00
2.233500000000699856e+03,9.815783229030049517e-01
2.234500000000701675e+03,-8.116581385917991387e-01
2.235500000000703494e+03,-2.255839888179992925e-01
2.236500000000705313e+03,-3.733749948318628165e-01
2.237500000000707587e+03,-1.612638302981822092e+00
2.238500000000709406e+03,3.018855420411225010e-01
2.239500000000711225e+03,-4.503684438071429152e-01
2.240500000000713044e+03,1.005071380688884020e+00
2.241500000000714863e+03,1.659597363584901064e+00
2.242500000000716682e+03,2.822680190680502132e-01
2.243500000000718501e+03,7.583058575959440439e-01
2.244500000000720320e+03,6.690145957665938337e-01
2.245500000000722139e+03,4.601187939808469851e-01
2.246500000000723958e+03,4.370616725099015221e-01
2.247500000000725777e+03,8.920082243244542575e-01
2.248500000000727596e+03,-8.005383047487012460e-01
2.249500000000729415e+03,-9.319534425518489762e-01
2.250500000000731234e+03,-2.333439313133079118e-01
2.251500000000733053e+03,-2.038697228813581008e-02
2.252500000000734872e+03,-4.020284956859984105e-01
2.253500000000736691e+03,-7.960410293585418184e-02
2.254500000000738510e+03,8.028423672364446428e-01
2.255500000000740329e+03,-9.616379314639207643e-02
2.256500000000742148e+03,-5.183575949980240294e-01
2.257500000000743967e+03,3.939105112318501134e-01
2.258500000000745786e+03,9.970796212879383669e-01
2.259500000000747605e+03,-3.320443336232529186e-01
2.260500000000749424e+03,2.765853081781057266e-01
2.261500000000751243e+03,-1.389208125143114980e+00
2.262500000000753062e+03,-4.247144816485631802e-01
2.263500000000754881e+03,-1.375219868386337918e+00
2.264500000000756700e+03,6.925762457149202689e-01
2.265500000000758519e+03,-6.799203679771412823e-01
2.266500000000760338e+03,-1.701803653322082055e-01
2.267500000000762157e+03,-2.493359144588140897e-01
2.268500000000763976e+03,-1.128072151571315018e+00
2.269500000000765795e+03,5.499170354491574875e-01
2.270500000000767614e+03,-5.776905271920352858e-01
2.271500000000769433e+03,7.185374986021586530e-01
2.272500000000771252e+03,1.455345650807158941e+00
2.273500000000773070e+03,-1.308691679004247987e-02
2.274500000000774889e+03,7.159098330512139174e-01
2.275500000000776708e+03,5.072639464225396910e-01
2.276500000000778527e+03,6.408542020410556983e-01
2.277500000000780346e+03,3.504872310675523073e-01
2.278500000000782165e+03,6.770376123646583144e-01
2.279500000000783984e+03,-7.937182809061680278e-01
2.280500000000785803e+03,-7.255642284979338941e-01
2.281500000000787622e+03,-1.809064276871930887e-01
2.282500000000789441e+03,-1.858314724639948123e-01
2.283500000000791260e+03,-4.287876028245233839e-01
2.284500000000793079e+03,-2.697284728393087860e-01
2.285500000000794898e+03,5.755579591403501283e-01
2.286500000000796717e+03,-1.312787290170407128e-01
2.287500000000798536e+03,-3.449988980597051835e-01
2.288500000000800355e+03,3.840889825287189252e-01
2.289500000000802174e+03,1.037289760788248971e+00
2.290500000000803993e+03,-2.735542096662236800e-01
2.291500000000805812e+03,5.234644624295309301e-01
2.292500000000807631e+03,-1.480612221755349012e+00
2.293500000000809450e+03,-6.626097151007376285e-02
2.294500000000811269e+03,-1.120346808885021028e+00
2.295500000000813088e+03,9.855789919451286574e-01
2.296500000000814907e+03,-7.771370983425781587e-01
2.297500000000816726e+03,-3.473077955961965113e-01
2.298500000000818545e+03,-6.090102577663902839e-01
2.299500000000820364e+03,-1.382973693912288082e+00
2.300500000000822183e+03,3.486358608838607820e-01
2.301500000000824002e+03,-4.506977618939119745e-01
2.302500000000825821e+03,6.989940362584539102e-01
2.303500000000827640e+03,1.530377548493425000e+00
2.304500000000829459e+03,2.183527719575840131e-01
2.305500000000831278e+03,7.540036568243539961e-01
2.306500000000833097e+03,3.946368456771670030e-01
2.307500000000834916e+03,5.696003505689454238e-01
2.308500000000836735e+03,5.154633670939460233e-01
2.309500000000838554e+03,7.750712652370213007e-01
2.310500000000840373e+03,-6.786018778184073064e-01
2.311500000000842192e+03,-6.652518205489956760e-01
2.312500000000844011e+03,-9.722252518636140262e-02
2.313500000000845830e+03,-1.802274538768258993e-01
2.314500000000847649e+03,-4.081360227326774059e-01
2.315500000000849468e+03,-1.268204569170457985e-01
2.316500000000851287e+03,6.360792089966641472e-01
2.317500000000853106e+03,7.668703323345657519e-02
2.318500000000854925e+03,-5.303015198586822354e-01
2.319500000000856744e+03,4.921982405208542022e-01
2.320500000000858563e+03,8.201736003630741845e-01
2.321500000000860837e+03,-4.356271755864246087e-01
2.322500000000862656e+03,4.473423860613331970e-01
2.323500000000864475e+03,-1.275597771887748921e+00
2.324500000000866294e+03,-1.123120120034402057e-02
2.325500000000868113e+03,-1.034673624536931014e+00
2.326500000000869932e+03,8.284706235668568564e-01
2.327500000000871751e+03,-7.592956178836089975e-01
2.328500000000873570e+03,-2.846402303207418161e-01
2.329500000000875389e+03,-5.128002916622440566e-01
2.330500000000877208e+03,-1.250185235845111098e+00
2.331500000000879027e+03,2.888462680814489203e-01
2.332500000000880846e+03,-5.727626459584671537e-01
2.333500000000882665e+03,6.070784175473049604e-01
2.334500000000884484e+03,1.624100757803857986e+00
2.335500000000886303e+03,3.715440865039407181e-01
2.336500000000888122e+03,8.982886357046505621e-01
2.337500000000889941e+03,4.605882550068868264e-01
2.338500000000891760e+03,6.646887689009475242e-01
2.339500000000893579e+03,4.601740415069033863e-01
2.340500000000895398e+03,9.087990816497177882e-01
2.341500000000897217e+03,-8.209765858047735065e-01
2.342500000000899036e+03,-8.964444526434802718e-01
2.343500000000900855e+03,-8.929446747504329873e-02
2.344500000000902673e+03,-3.975086558111014245e-02
2.345500000000904492e+03,-5.084158442928463639e-01
2.346500000000906311e+03,-3.945768631974865825e-01
2.347500000000908130e+03,5.143471171650914053e-01
2.348500000000909949e+03,-6.378936676539992412e-03
2.349500000000911768e+03,-5.322079114858815352e-01
2.350500000000913587e+03,2.328101543816870067e-01
2.351500000000915406e+03,9.111346227266808873e-01
2.352500000000917225e+03,-9.101294181821933948e-02
2.353500000000919044e+03,4.264947416865682017e-01
2.354500000000920863e+03,-1.422184886125491987e+00
2.355500000000922682e+03,-2.164515915217158151e-02
2.356500000000924501e+03,-1.229558068498942891e+00
2.357500000000926320e+03,8.123899105792166120e-01
2.358500000000928139e+03,-5.769075166015465994e-01
2.359500000000929958e+03,-1.584696185912667921e-01
2.360500000000931777e+03,-3.501429890806190270e-01
2.361500000000933596e+03,-1.465621177976268008e+00
2.362500000000935415e+03,3.930928002936093790e-01
2.363500000000937234e+03,-4.383245655706484167e-01
2.364500000000939053e+03,8.023728122545930042e-01
2.365500000000940872e+03,1.735305859153535968e+00
2.366500000000942691e+03,1.731919655256335122e-01
2.367500000000944510e+03,8.481115221878098298e-01
2.368500000000946329e+03,5.189777851155370492e-01
2.369500000000948148e+03,6.367375418538311349e-01
2.370500000000949967e+03,7.708761276418364394e-01
2.371500000000951786e+03,8.901726508480841682e-01
2.372500000000953605e+03,-7.997815510459261867e-01
2.373500000000955424e+03,-6.429346891693084043e-01
2.374500000000957243e+03,-1.911203554102088864e-01
2.375500000000959062e+03,-1.825053139649606138e-01
2.376500000000960881e+03,-5.914794062507853223e-01
2.377500000000962700e+03,-2.136853206813517925e-01
2.378500000000964519e+03,5.117267038511617017e-01
2.379500000000966338e+03,-1.696785151599425889e-01
2.380500000000968157e+03,-6.405734152332197562e-01
2.381500000000969976e+03,1.601390799597834924e-01
2.382500000000971795e+03,8.030587239986708425e-01
2.383500000000973614e+03,-2.644183593577246194e-01
2.384500000000975433e+03,4.089705262458633861e-01
2.385500000000977252e+03,-1.385628525327782024e+00
2.386500000000979071e+03,-1.882683864314181055e-01
2.387500000000980890e+03,-1.219586157481578947e+00
2.388500000000982709e+03,9.930637094391805419e-01
2.389500000000984528e+03,-5.447844805871685514e-01
2.390500000000986347e+03,-5.438280625274743985e-02
2.391500000000988166e+03,-4.196955437583866910e-01
2.392500000000989985e+03,-1.616812908590683939e+00
2.393500000000991804e+03,4.348305212721169100e-01
2.394500000000993623e+03,-4.182026546709837755e-01
2.395500000000995442e+03,8.532804339011238470e-01
2.396500000000997261e+03,1.503303017708303990e+00
2.397500000000999080e+03,1.430570708914480904e-01
2.398500000001000899e+03,8.157118041624537019e-01
2.399500000001002718e+03,4.584157815598235985e-01
2.400500000001004537e+03,7.450446191909938509e-01
2.401500000001006356e+03,7.300114438221552149e-01
2.402500000001008175e+03,8.585882894990402026e-01
2.403500000001009994e+03,-8.541063321538417963e-01
2.404500000001011813e+03,-8.555778442119743588e-01
2.405500000001014087e+03,-1.895210794030341983e-01
2.406500000001015906e+03,-6.966240702645853933e-02
2.407500000001017725e+03,-6.092749993534567476e-01
2.408500000001019544e+03,-2.968597877687687014e-01
2.409500000001021363e+03,7.150611479811053162e-01
2.410500000001023182e+03,6.636092500744678047e-02
2.411500000001025001e+03,-3.915454054630437275e-01
2.412500000001026820e+03,4.427985036910050964e-01
2.413500000001028639e+03,9.141887397585996000e-01
2.414500000001030457e+03,-1.395911075585349048e-01
2.415500000001032276e+03,9.500332355805979345e-02
2.416500000001034095e+03,-1.745740756498104007e+00
2.417500000001035914e+03,-7.937090449035927309e-02
2.418500000001037733e+03,-1.197127926328027003e+00
2.419500000001039552e+03,9.769141294648679974e-01
2.420500000001041371e+03,-6.760152043733260729e-01
2.421500000001043190e+03,-1.779188077619318076e-01
2.422500000001045009e+03,-4.513758790347270899e-01
2.423500000001046828e+03,-1.531040653032466059e+00
2.424500000001048647e+03,3.101001860886872796e-01
2.425500000001050466e+03,-4.936430264397849155e-01
2.426500000001052285e+03,6.865102919381136370e-01
2.427500000001054104e+03,1.292778324352561015e+00
2.428500000001055923e+03,1.526669965596139100e-03
2.429500000001057742e+03,8.722732560886778952e-01
2.430500000001059561e+03,4.907164407041894050e-01
2.431500000001061380e+03,6.751349196255336249e-01
2.432500000001063199e+03,6.314932666800923133e-01
2.433500000001065018e+03,8.048128611474645311e-01
2.434500000001066837e+03,-6.937934548245746624e-01
2.435500000001068656e+03,-9.273711860843092403e-01
2.436500000001070475e+03,-7.023562923595171037e-02
2.437500000001072294e+03,2.563218205592247834e-02
2.438500000001074113e+03,-4.623723217908619065e-01
2.439500000001075932e+03,-3.645602119894684190e-01
2.440500000001077751e+03,6.665085227343641172e-01
2.441500000001079570e+03,1.063602132966852062e-02
2.442500000001081389e+03,-4.622080202498430879e-01
2.443500000001083208e+03,3.092407728493892227e-01
2.444500000001085027e+03,9.429989664791663673e-01
2.445500000001086846e+03,-2.061688657181071083e-01
2.446500000001088665e+03,2.227604855977413922e-01
2.447500000001090484e+03,-1.515914747812336927e+00
2.448500000001092303e+03,-1.753273801582682853e-02
2.449500000001094122e+03,-9.327259212001686173e-01
2.450500000001095941e+03,9.130328413876470650e-01
2.451500000001097760e+03,-7.501260018131090668e-01
2.452500000001099579e+03,-4.676374047173372239e-01
2.453500000001101398e+03,-5.296163212647747587e-01
2.454500000001103217e+03,-1.040285460265516049e+00
2.455500000001105036e+03,5.637189894177301319e-01
2.456500000001106855e+03,-3.407180760940778930e-01
2.457500000001108674e+03,7.670651431953281474e-01
2.458500000001110493e+03,1.625686473024263945e+00
2.459500000001112312e+03,-9.623384635721568547e-02
2.460500000001114131e+03,6.135686031882939817e-01
2.461500000001115950e+03,5.389688000933237078e-01
2.462500000001117769e+03,5.437649867973708417e-01
2.463500000001119588e+03,5.460591581788376558e-01
2.464500000001121407e+03,8.640110491761205935e-01
2.465500000001123226e+03,-7.626290015850141213e-01
2.466500000001125045e+03,-8.540874575510916111e-01
2.467500000001126864e+03,-1.787757619827844979e-01
2.468500000001128683e+03,-1.223019931907108060e-01
2.469500000001130502e+03,-6.990211705223967620e-01
2.470500000001132321e+03,-2.898153153601337739e-01
2.471500000001134140e+03,8.679787837547260354e-01
2.472500000001135959e+03,2.386744391013237987e-01
2.473500000001137778e+03,-4.502152216687707043e-01
2.474500000001139597e+03,1.821945200673124043e-01
2.475500000001141416e+03,8.329289309888678883e-01
2.476500000001143235e+03,4.754501383080179944e-02
2.477500000001145054e+03,2.370107497345255998e-01
2.478500000001146873e+03,-1.481746944023432100e+00
2.479500000001148692e+03,-1.932474140091663128e-01
2.480500000001150511e+03,-1.265716123357681022e+00
2.481500000001152330e+03,9.043519435216125224e-01
2.482500000001154149e+03,-5.117506750779438063e-01
2.483500000001155968e+03,-1.908038967275978992e-01
2.484500000001157787e+03,-3.153381754448458807e-01
2.485500000001159606e+03,-1.249406286240895891e+00
2.486500000001161425e+03,2.248002999758947906e-01
2.487500000001163244e+03,-4.058670774657022196e-01
2.488500000001165063e+03,8.138648795895763177e-01
2.489500000001167336e+03,1.428847939165214909e+00
2.490500000001169155e+03,2.701037853686730217e-01
2.491500000001170974e+03,7.695720490763954258e-01
2.492500000001172793e+03,5.458165125785195970e-01
2.493500000001174612e+03,5.394142235251008222e-01
2.494500000001176431e+03,4.374425812319215900e-01
2.495500000001178250e+03,8.011121773621397990e-01
2.496500000001180069e+03,-9.324238659305573718e-01
2.497500000001181888e+03,-7.500803918547438442e-01
2.498500000001183707e+03,-4.275833163683633725e-02
2.499500000001185526e+03,-1.756525615088558867e-01
2.500500000001187345e+03,-3.738516324585560158e-01
2.501500000001189164e+03,-2.438887253440099878e-01
2.502500000001190983e+03,7.699389986268605490e-01
2.503500000001192802e+03,-1.211003064408887053e-01
2.504500000001194621e+03,-6.048769714893867944e-01
2.505500000001196440e+03,2.820709662311191024e-01
2.506500000001198259e+03,9.245335620030213919e-01
2.507500000001200078e+03,5.938336464126608982e-02
2.508500000001201897e+03,3.048354241978251111e-01
2.509500000001203716e+03,-1.348907960020480079e+00
2.510500000001205535e+03,-5.140554740996027272e-01
2.511500000001207354e+03,-1.281121631146213025e+00
2.512500000001209173e+03,5.745063212297750743e-01
2.513500000001210992e+03,-7.707085323093738616e-01
2.514500000001212811e+03,-2.523727999349522078e-01
2.515500000001214630e+03,-1.900571238320080125e-01
2.516500000001216449e+03,-1.177900091195777987e+00
2.517500000001218268e+03,4.055066619133887995e-01
2.518500000001220087e+03,-3.402557992083399263e-01
2.519500000001221906e+03,6.192613655338616852e-01
2.520500000001223725e+03,1.576795121770095953e+00
2.521500000001225544e+03,9.068850351542551147e-02
2.522500000001227363e+03,7.976714631360782848e-01
2.523500000001229182e+03,6.681850671405438202e-01
2.524500000001231001e+03,5.529137093048638318e-01
2.525500000001232820e+03,5.233737867209964367e-01
2.526500000001234639e+03,1.087022536878657908e+00
2.527500000001236458e+03,-6.802221304766146170e-01
2.528500000001238277e+03,-8.842583439645912424e-01
2.529500000001240096e+03,-1.463361239460496954e-01
2.530500000001241915e+03,-1.212527590447158993e-01
2.531500000001243734e+03,-6.159380516653275572e-01
2.532500000001245553e+03,-5.076584024899412073e-01
2.533500000001247372e+03,5.985135352277777265e-01
2.534500000001249191e+03,5.302847162792349855e-02
2.535500000001251010e+03,-3.151337187556503272e-01
2.536500000001252829e+03,4.951565581280332196e-01
2.537500000001254648e+03,1.014155882588007929e+00
2.538500000001256467e+03,-2.558507697260937186e-01
2.539500000001258286e+03,2.087421219326646982e-01
2.540500000001260105e+03,-1.233288207296634909e+00
2.541500000001261924e+03,-1.402053719405262910e-01
2.542500000001263743e+03,-1.286792696529434066e+00
2.543500000001265562e+03,8.448843890802349987e-01
2.544500000001267381e+03,-9.842466699909157013e-01
2.545500000001269200e+03,-5.681359619824621898e-01
2.546500000001271019e+03,-4.937944853804969725e-01
2.547500000001272838e+03,-1.424833797376364952e+00
2.548500000001274657e+03,7.240903525001590735e-01
2.549500000001276476e+03,-3.839092763793692242e-01
2.550500000001278295e+03,7.395145270551617411e-01
2.551500000001280114e+03,1.615359924625894061e+00
2.552500000001281933e+03,2.129029894631588871e-01
2.553500000001283752e+03,7.407321667069155513e-01
2.554500000001285571e+03,4.134466307362841264e-01
2.555500000001287390e+03,4.463862171591254091e-01
2.556500000001289209e+03,4.921429943714317745e-01
2.557500000001291028e+03,9.815963918506211972e-01
2.558500000001292847e+03,-8.971880766793631778e-01
2.559500000001294666e+03,-8.331634110303818286e-01
2.560500000001296485e+03,-3.136072643106412872e-01
2.561500000001298304e+03,-9.286999876439899770e-02
2.562500000001300123e+03,-3.342782172778814842e-01
2.563500000001301942e+03,-3.299525695718044105e-01
2.564500000001303761e+03,6.963196324868961007e-01
2.565500000001305580e+03,1.876532377027073928e-01
2.566500000001307399e+03,-5.654378585273860391e-01
2.567500000001309218e+03,3.734595565618086255e-01
2.568500000001311037e+03,8.932477105728587885e-01
2.569500000001312856e+03,-3.013410413152600165e-01
2.570500000001314675e+03,3.058829036703125115e-01
2.571500000001316494e+03,-1.453186142171998041e+00
2.572500000001318313e+03,3.558576911155659096e-03
2.573500000001320586e+03,-1.150994564768899053e+00
2.574500000001322405e+03,9.592435430304763200e-01
2.575500000001324224e+03,-8.167704190180478108e-01
2.576500000001326043e+03,-4.913663826549484193e-01
2.577500000001327862e+03,-4.288746450716551251e-01
2.578500000001329681e+03,-1.290422429074461030e+00
2.579500000001331500e+03,5.960600258493937709e-01
2.580500000001333319e+03,-4.455290365135983199e-01
2.581500000001335138e+03,7.111431451153638061e-01
2.582500000001336957e+03,1.650528768593900963e+00
2.583500000001338776e+03,2.720045229499821748e-01
2.584500000001340595e+03,6.780579151486345602e-01
2.585500000001342414e+03,4.962652758004156839e-01
2.586500000001344233e+03,6.050742415021905796e-01
2.587500000001346052e+03,3.382161455013508178e-01
2.588500000001347871e+03,7.151091691760379510e-01
2.589500000001349690e+03,-8.544891031000665382e-01
2.590500000001351509e+03,-1.025115515422057033e+00
2.591500000001353328e+03,-2.059256161787610118e-01
2.592500000001355147e+03,-1.716030381854722064e-01
2.593500000001356966e+03,-3.862068453139164137e-01
2.594500000001358785e+03,-1.593341029907580086e-01
2.595500000001360604e+03,7.112689779028135151e-01
2.596500000001362423e+03,1.386804600820747135e-01
2.597500000001364242e+03,-5.643639871517548423e-01
2.598500000001366061e+03,2.438029672311808060e-01
2.599500000001367880e+03,7.365655352598364791e-01
2.600500000001369699e+03,-1.319260982653849001e-01
2.601500000001371518e+03,4.204448947786457169e-01
2.602500000001373337e+03,-1.495052947954256028e+00
2.603500000001375156e+03,-2.736972360753481270e-01
2.604500000001376975e+03,-1.255425130113388965e+00
2.605500000001378794e+03,7.534551492565324526e-01
2.606500000001380613e+03,-8.511641832339533753e-01
2.607500000001382432e+03,-3.894642414753529125e-01
2.608500000001384251e+03,-3.434034716708708190e-01
2.609500000001386070e+03,-1.140026659561355959e+00
2.610500000001387889e+03,4.573322407466647865e-01
2.611500000001389708e+03,-3.332683425997720050e-01
2.612500000001391527e+03,1.000388283300831960e+00
2.613500000001393346e+03,1.522017388215888944e+00
2.614500000001395165e+03,2.495568243738111036e-01
2.615500000001396984e+03,7.024593069406227519e-01
2.616500000001398803e+03,4.235490218127623274e-01
2.617500000001400622e+03,6.399791049283481970e-01
2.618500000001402441e+03,3.474837467857072038e-01
2.619500000001404260e+03,5.643136930713426036e-01
2.620500000001406079e+03,-8.282453508900201600e-01
2.621500000001407898e+03,-9.356438744265651586e-01
2.622500000001409717e+03,-2.907340224723478084e-01
2.623500000001411536e+03,-1.201603324903463971e-01
2.624500000001413355e+03,-4.889617416647447090e-01
2.625500000001415174e+03,-1.315261244135282892e-01
2.626500000001416993e+03,6.545277212853006787e-01
2.627500000001418812e+03,9.765073643982458140e-02
2.628500000001420631e+03,-3.659806830688058787e-01
2.629500000001422450e+03,5.228461439999020355e-01
2.630500000001424269e+03,1.014879093448086911e+00
2.631500000001426088e+03,-3.357499567172254062e-01
2.632500000001427907e+03,2.383955221254319967e-01
2.633500000001429726e+03,-1.457062841717917889e+00
2.634500000001431545e+03,-3.600626022824655048e-01
2.635500000001433364e+03,-1.145099435294933965e+00
2.636500000001435183e+03,9.842935827175021135e-01
2.637500000001437002e+03,-6.384179504392075710e-01
2.638500000001438821e+03,-1.106355526496629049e-01
2.639500000001440640e+03,-3.663309738114730041e-01
2.640500000001442459e+03,-1.239502367789260928e+00
2.641500000001444278e+03,3.789221127611117068e-01
2.642500000001446097e+03,-4.074713316984148181e-01
2.643500000001447916e+03,6.967853250380107166e-01
2.644500000001449735e+03,1.399058568528990909e+00
2.645500000001451554e+03,1.897223114173655079e-01
2.646500000001453373e+03,7.360113912270118686e-01
2.647500000001455192e+03,5.626504339429179158e-01
2.648500000001457011e+03,5.622706321862147583e-01
2.649500000001458830e+03,3.562740257672913913e-01
2.650500000001460648e+03,7.867482614886900372e-01
2.651500000001462467e+03,-7.369525767443275699e-01
2.652500000001464286e+03,-6.108259975003196285e-01
2.653500000001466105e+03,-1.654070044775010906e-01
2.654500000001467924e+03,-1.757791688303076139e-01
2.655500000001469743e+03,-4.831765185627436843e-01
2.656500000001471562e+03,-1.639433419001020131e-01
2.657500000001473836e+03,6.632583381070751294e-01
2.658500000001475655e+03,7.737551083968627341e-02
2.659500000001477474e+03,-4.093782390231888724e-01
2.660500000001479293e+03,2.382097785990688887e-01
2.661500000001481112e+03,1.000025535001854093e+00
2.662500000001482931e+03,-2.922608350223330209e-01
2.663500000001484750e+03,2.330368902806438935e-01
2.664500000001486569e+03,-1.463453782327982067e+00
2.665500000001488388e+03,-1.550106809256202034e-01
2.666500000001490207e+03,-1.244467665215118979e+00
2.667500000001492026e+03,8.009097511450936624e-01
2.668500000001493845e+03,-7.169374513326053355e-01
2.669500000001495664e+03,-2.158155287856912130e-01
2.670500000001497483e+03,-2.551187711615636178e-01
2.671500000001499302e+03,-1.318483665379940994e+00
2.672500000001501121e+03,2.931235737975455002e-01
2.673500000001502940e+03,-4.624627857746239079e-01
2.674500000001504759e+03,5.433893699861346294e-01
2.675500000001506578e+03,1.571484905840415003e+00
2.676500000001508397e+03,1.409499513074310983e-01
2.677500000001510216e+03,8.272286498730896387e-01
2.678500000001512035e+03,5.027090025230731563e-01
2.679500000001513854e+03,6.921120401769673691e-01
2.680500000001515673e+03,4.506426407896758080e-01
2.681500000001517492e+03,1.135401796921235995e+00
2.682500000001519311e+03,-8.632769187121284160e-01
2.683500000001521130e+03,-7.777784757184729170e-01
2.684500000001522949e+03,-2.752887786855087171e-01
2.685500000001524768e+03,-1.277663008357306056e-02
2.686500000001526587e+03,-4.687384752288393797e-01
2.687500000001528406e+03,-2.550690643402375724e-01
2.688500000001530225e+03,6.562347768836459538e-01
2.689500000001532044e+03,-4.318331108180011729e-02
2.690500000001533863e+03,-3.791914243838199750e-01
2.691500000001535682e+03,3.693146260468246900e-01
2.692500000001537501e+03,9.754301228672153101e-01
2.693500000001539320e+03,-8.475116247766666111e-02
2.694500000001541139e+03,4.042161049488360858e-01
2.695500000001542958e+03,-1.327314559701608054e+00
2.696500000001544777e+03,-1.562161254071224026e-01
2.697500000001546596e+03,-9.105859276777961142e-01
2.698500000001548415e+03,8.626717547223595739e-01
2.699500000001550234e+03,-8.225945713369375856e-01
2.700500000001552053e+03,-1.861265578376478935e-01
2.701500000001553872e+03,-4.101708728632875167e-01
2.702500000001555691e+03,-1.551245491727810899e+00
2.703500000001557510e+03,5.108618738220176425e-01
2.704500000001559329e+03,-5.640856559433419237e-01
2.705500000001561148e+03,9.391442797268088061e-01
2.706500000001562967e+03,1.480656348454352900e+00
2.707500000001564786e+03,3.944212437019407047e-01
2.708500000001566605e+03,8.244431616345211378e-01
2.709500000001568424e+03,6.609245992279989546e-01
2.710500000001570243e+03,5.779172164054020566e-01
2.711500000001572062e+03,4.587577330294583255e-01
2.712500000001573881e+03,7.600531233639266082e-01
2.713500000001575700e+03,-7.717745352665461578e-01
2.714500000001577519e+03,-7.759232884539848385e-01
2.715500000001579338e+03,-1.719065407777743137e-01
2.716500000001581157e+03,-1.067000573285515064e-01
2.717500000001582976e+03,-4.917564353780398134e-01
2.718500000001584795e+03,-1.948710752349843978e-01
2.719500000001586614e+03,5.997606972775122447e-01
2.720500000001588432e+03,-9.586232645544437436e-02
2.721500000001590251e+03,-6.603627409120951253e-01
2.722500000001592070e+03,5.840750301283399448e-01
2.723500000001593889e+03,9.781327278583393792e-01
2.724500000001595708e+03,-1.323511600941678912e-01
2.725500000001597527e+03,2.939682366159128146e-01
2.726500000001599346e+03,-1.510910451894259099e+00
2.727500000001601165e+03,-2.085775652262145119e-01
2.728500000001602984e+03,-1.417754009065979925e+00
2.729500000001604803e+03,7.820969983419612248e-01
2.730500000001606622e+03,-6.012729643819301195e-01
2.731500000001608441e+03,-1.566271335336447135e-02
2.732500000001610260e+03,-3.129388694205184063e-01
2.733500000001612079e+03,-1.348174098387445952e+00
2.734500000001613898e+03,3.261891169187682848e-01
2.735500000001615717e+03,-4.295829978219217749e-01
2.736500000001617536e+03,7.420150118203807654e-01
2.737500000001619355e+03,1.618975339619449061e+00
2.738500000001621174e+03,1.504652429085903131e-01
2.739500000001622993e+03,5.546345552211291441e-01
2.740500000001624812e+03,8.384071657494773788e-01
2.741500000001627086e+03,4.615367048420341844e-01
2.742500000001628905e+03,5.172927604209063279e-01
2.743500000001630724e+03,9.145026208460012018e-01
2.744500000001632543e+03,-8.361134849433901062e-01
2.745500000001634362e+03,-7.249331415984499039e-01
2.746500000001636181e+03,-3.368431476909363176e-01
2.747500000001638000e+03,-1.889427498846613096e-01
2.748500000001639819e+03,-3.818660135297162750e-01
2.749500000001641638e+03,-1.537904203294689909e-01
2.750500000001643457e+03,7.241664059438007728e-01
2.751500000001645276e+03,9.044119643368653261e-03
2.752500000001647095e+03,-4.476862645991764866e-01
2.753500000001648914e+03,4.424323482546451136e-01
2.754500000001650733e+03,1.004895427722370060e+00
2.755500000001652552e+03,-3.710998882096369078e-01
2.756500000001654371e+03,9.882740784749549645e-02
2.757500000001656190e+03,-1.485416214113628897e+00
2.758500000001658009e+03,-3.962247904463909315e-02
2.759500000001659828e+03,-1.078566558305317002e+00
2.760500000001661647e+03,9.928833555750246065e-01
2.761500000001663466e+03,-8.117050057676178376e-01
2.762500000001665285e+03,-3.398177260128543153e-01
2.763500000001667104e+03,-5.428704162977139314e-01
2.764500000001668923e+03,-1.451233257208444982e+00
2.765500000001670742e+03,4.767231022091611981e-01
2.766500000001672561e+03,-4.513527249675886033e-01
2.767500000001674380e+03,6.969434119178841147e-01
2.768500000001676199e+03,1.617103274953983982e+00
2.769500000001678018e+03,2.554091847296007245e-01
2.770500000001679837e+03,8.209315046878127298e-01
2.771500000001681656e+03,3.814594855701424203e-01
2.772500000001683475e+03,5.867763246588040271e-01
2.773500000001685294e+03,5.617065096684062953e-01
2.774500000001687113e+03,7.306432676252387903e-01
2.775500000001688932e+03,-8.804784760887861550e-01
2.776500000001690751e+03,-7.734057113272894135e-01
2.777500000001692570e+03,-3.551222847668478733e-01
2.778500000001694389e+03,-1.570439942523610966e-01
2.779500000001696208e+03,-8.131023111323814057e-01
2.780500000001698027e+03,-5.036851175199996700e-01
2.781500000001699846e+03,6.504575580837030913e-01
2.782500000001701665e+03,1.495571652395009110e-01
2.783500000001703484e+03,-4.151044008013072828e-01
2.784500000001705303e+03,4.276940606928035238e-01
2.785500000001707122e+03,9.848806053031260443e-01
2.786500000001708941e+03,1.448059444483986991e-01
2.787500000001710760e+03,3.498410230317087199e-01
2.788500000001712579e+03,-1.439029111410613959e+00
2.789500000001714398e+03,-2.157731670680002045e-01
2.790500000001716217e+03,-1.313458743020289088e+00
2.791500000001718035e+03,7.243947383068639612e-01
2.792500000001719854e+03,-7.411225869571410607e-01
2.793500000001721673e+03,-8.253581638288953748e-02
2.794500000001723492e+03,-5.381235868537723732e-01
2.795500000001725311e+03,-1.180306706985839948e+00
2.796500000001727130e+03,4.513258556657278042e-01
2.797500000001728949e+03,-5.830100625343395127e-01
2.798500000001730768e+03,5.033081622086399420e-01
2.799500000001732587e+03,1.439799116974255000e+00
2.800500000001734406e+03,4.087823508520281868e-01
2.801500000001736225e+03,8.661703108278266949e-01
2.802500000001738044e+03,3.934558357718970778e-01
2.803500000001739863e+03,4.433715850641011813e-01
2.804500000001741682e+03,5.449334143945055997e-01
2.805500000001743501e+03,8.833949014288668966e-01
2.806500000001745320e+03,-8.099107057940047039e-01
2.807500000001747139e+03,-8.938973158345278058e-01
2.808500000001748958e+03,-1.573908254630767001e-01
2.809500000001750777e+03,-1.281316677203027041e-02
2.810500000001752596e+03,-7.051943583229278723e-01
2.811500000001754415e+03,-2.971286003553966215e-01
2.812500000001756234e+03,6.132885233488641896e-01
2.813500000001758053e+03,-3.444709857631909206e-02
2.814500000001759872e+03,-2.761048578725995850e-01
2.815500000001761691e+03,3.333796377786955034e-01
2.816500000001763510e+03,9.742372019065858035e-01
2.817500000001765329e+03,-5.407437779293763208e-02
2.818500000001767148e+03,7.760388429583164882e-02
2.819500000001768967e+03,-1.531204009463775106e+00
2.820500000001770786e+03,-1.284708891071945080e-01
2.821500000001772605e+03,-1.080782250656387999e+00
2.822500000001774424e+03,9.948499001909616446e-01
2.823500000001776243e+03,-4.121296800529641868e-01
2.824500000001778517e+03,-3.843800882474920910e-02
2.825500000001780336e+03,-2.462955642040891013e-01
2.826500000001782155e+03,-1.297449147693898075e+00
2.827500000001783974e+03,4.814169526084072226e-01
2.828500000001785793e+03,-4.965395675612300774e-01
2.829500000001787612e+03,8.429686713686552757e-01
2.830500000001789431e+03,1.506163535162315048e+00
2.831500000001791250e+03,2.076974353048025024e-01
2.832500000001793069e+03,6.775646988131740489e-01
2.833500000001794888e+03,4.036010177531951792e-01
2.834500000001796707e+03,4.316206196577357934e-01
2.835500000001798526e+03,4.007630930742077102e-01
2.836500000001800345e+03,8.380585808938534331e-01
2.837500000001802164e+03,-5.630002907269049395e-01
2.838500000001803983e+03,-6.984709796611283661e-01
2.839500000001805802e+03,-2.218381362494377951e-01
2.840500000001807621e+03,-2.080977778729158900e-01
2.841500000001809440e+03,-4.965871919213061814e-01
2.842500000001811259e+03,-3.291172000175485168e-01
2.843500000001813078e+03,5.829885884895226189e-01
2.844500000001814897e+03,-1.406340508000931966e-01
2.845500000001816716e+03,-3.420987612545253187e-01
2.846500000001818535e+03,5.400226839242403543e-01
2.847500000001820354e+03,9.941438404647686689e-01
2.848500000001822173e+03,-2.028392067949754130e-01
2.849500000001823992e+03,4.175382615824669852e-01
