1.850500000000001592e+03,-3.716305398725694431e-02
1.851500000000003411e+03,-2.365393128499704289e-02
1.852500000000005230e+03,-1.915242077706125201e-02
1.853500000000007049e+03,-4.568830046446237247e-02
1.854500000000008868e+03,-1.073385275134342010e-03
1.855500000000010687e+03,-3.907701485323400448e-02
1.856500000000012506e+03,-2.184286994065587351e-03
1.857500000000014325e+03,-1.999174898074329576e-02
1.858500000000016144e+03,3.734366613559814141e-02
1.859500000000017963e+03,1.082716252236082255e-02
1.860500000000019782e+03,9.646772739728248780e-03
1.861500000000021600e+03,5.516612197936865414e-03
1.862500000000023419e+03,-1.614388897866092520e-02
1.863500000000025238e+03,3.625833829107705242e-02
1.864500000000027057e+03,5.790186309087630434e-02
1.865500000000028876e+03,2.974967567166686422e-02
1.866500000000030695e+03,-1.965633923140330808e-02
1.867500000000032514e+03,-6.885745625652361923e-03
1.868500000000034333e+03,9.865142433397977584e-03
1.869500000000036152e+03,-1.558998967817615267e-02
1.870500000000037971e+03,1.893540652889669218e-02
1.871500000000039790e+03,-3.155789533411734737e-02
1.872500000000041609e+03,-3.359051693809078643e-02
1.873500000000043428e+03,-4.829799997554573565e-02
1.874500000000045247e+03,-1.745057226921176152e-02
1.875500000000047066e+03,-1.495101188925218594e-02
1.876500000000048885e+03,-2.244490243234054105e-02
1.877500000000050704e+03,1.207147586760015656e-02
1.878500000000052523e+03,-4.350088688369169176e-03
1.879500000000054342e+03,4.694306056293839902e-02
1.880500000000056389e+03,-2.354826018091671358e-03
1.881500000000058208e+03,-2.411994894427493819e-02
1.882500000000060027e+03,-2.253540103839668518e-02
1.883500000000061846e+03,-2.565778904028093166e-03
1.884500000000063665e+03,-3.441188183560939251e-02
1.885500000000065484e+03,-4.969152637443130516e-03
1.886500000000067303e+03,-2.165831474394508405e-02
1.887500000000069122e+03,-5.378591083342598722e-03
1.888500000000070941e+03,-1.989809171803358367e-02
1.889500000000072760e+03,3.215994547932155001e-02
1.890500000000074579e+03,1.367302481446586171e-02
1.891500000000076398e+03,-1.110339117360581440e-04
1.892500000000078217e+03,-9.163947772378833179e-03
1.893500000000080036e+03,-3.792384882484611808e-02
1.894500000000081855e+03,2.825938296965091467e-02
1.895500000000083674e+03,5.213198336915070286e-02
1.896500000000085493e+03,3.219066919689339556e-02
1.897500000000087311e+03,-3.007698473291497976e-02
1.898500000000089130e+03,-2.403153866217166978e-02
1.899500000000090949e+03,-1.474019059241982177e-02
1.900500000000092768e+03,-2.582732794394360099e-02
1.901500000000094587e+03,1.785324440496083298e-02
1.902500000000096406e+03,-4.676725017381500038e-02
1.903500000000098225e+03,-2.920347809182999299e-02
1.904500000000100044e+03,-5.062720664881226185e-02
1.905500000000101863e+03,-4.423918013031880037e-03
1.906500000000103682e+03,-1.524040469968213074e-02
1.907500000000105501e+03,-2.279189317400209802e-02
1.908500000000107320e+03,-2.101082829287292952e-02
1.909500000000109139e+03,-4.190754456516287973e-03
1.910500000000110958e+03,-1.946835881369679555e-02
1.911500000000112777e+03,3.739776370130698524e-02
1.912500000000114596e+03,-2.980083288605328562e-03
1.913500000000116415e+03,-3.170492192589335900e-02
1.914500000000118234e+03,-2.335374204494655714e-02
1.915500000000120053e+03,-1.419063839773571090e-02
1.916500000000121872e+03,-2.725807001684188435e-02
1.917500000000123691e+03,-1.077700250880297972e-02
1.918500000000125510e+03,-3.050393983949106769e-02
1.919500000000127329e+03,-2.400458268084548763e-02
1.920500000000129148e+03,-3.529584699867882591e-02
1.921500000000130967e+03,2.739741106734072673e-02
1.922500000000133014e+03,5.736801400757940428e-03
1.923500000000134833e+03,2.769739947154903348e-03
1.924500000000136652e+03,-4.609260586079244604e-03
1.925500000000138471e+03,-4.272917795586295142e-02
1.926500000000140290e+03,2.935401803850368196e-02
1.927500000000142109e+03,4.424410970378289676e-02
1.928500000000143928e+03,6.935993619890723494e-03
1.929500000000145747e+03,-2.152264958772320824e-02
1.930500000000147566e+03,-1.667595243495156865e-02
1.931500000000149385e+03,-1.238000359236934855e-02
1.932500000000151203e+03,-3.321701138887078741e-02
1.933500000000153022e+03,1.250466258008486875e-02
1.934500000000154841e+03,-5.058614174316744538e-02
1.935500000000156660e+03,-1.361208544207670457e-02
1.936500000000158479e+03,-4.512496741136828859e-02
1.937500000000160298e+03,-2.239285301243398862e-03
1.938500000000162117e+03,-2.475621282601991879e-02
1.939500000000163936e+03,-1.255356972490062617e-02
1.940500000000165755e+03,3.997128111507208814e-03
1.941500000000167574e+03,-1.538909431616275469e-02
1.942500000000169393e+03,4.571218140324617707e-02
1.943500000000171212e+03,-2.096868142587027251e-04
1.944500000000173031e+03,-1.638666747345496333e-02
1.945500000000174850e+03,-2.260503147843451188e-02
1.946500000000176669e+03,-9.751051076818839647e-03
1.947500000000178488e+03,-3.622900534327300193e-02
1.948500000000180307e+03,1.472343926542407644e-02
1.949500000000182126e+03,-2.444539528119094030e-02
1.950500000000183945e+03,-1.922221289567005442e-02
1.951500000000185764e+03,-1.712331086784502077e-02
1.952500000000187583e+03,3.991294043984794371e-02
1.953500000000189402e+03,2.430375003297058356e-02
1.954500000000191221e+03,-4.177091061990267917e-03
1.955500000000193040e+03,3.973462232863766985e-03
1.956500000000194859e+03,-3.035099740003488478e-02
1.957500000000196678e+03,4.042379974757182026e-02
1.958500000000198497e+03,6.783203214700961325e-02
1.959500000000200316e+03,2.579332740882023245e-02
1.960500000000202135e+03,-1.518687367712345804e-02
1.961500000000203954e+03,-3.853688636647234489e-02
1.962500000000205773e+03,-1.816854884935992231e-03
1.963500000000207592e+03,-4.510486238791600044e-02
1.964500000000209639e+03,2.097762202157582578e-02
1.965500000000211458e+03,-5.657746954508979798e-02
1.966500000000213277e+03,-2.512966575810082759e-02
1.967500000000215095e+03,-3.843107272481915970e-02
1.968500000000216914e+03,-1.549867448034092376e-04
1.969500000000218733e+03,-3.718036155547110866e-02
1.970500000000220552e+03,-1.603554742183632698e-02
1.971500000000222371e+03,-3.403741538875237893e-03
1.972500000000224190e+03,-8.521451747668606913e-03
1.973500000000226009e+03,4.531232799757844987e-02
1.974500000000227828e+03,2.533556810021764250e-03
1.975500000000229647e+03,-6.624672660819896919e-03
1.976500000000231466e+03,-1.324082210823007699e-02
1.977500000000233285e+03,1.664839688061192646e-03
1.978500000000235104e+03,-2.977351651938420218e-02
1.979500000000236923e+03,1.306136389132461773e-02
1.980500000000238742e+03,-2.818492432322727836e-02
1.981500000000240561e+03,-2.082101472757358351e-02
1.982500000000242380e+03,-1.861220342311753484e-02
1.983500000000244199e+03,4.535396058801666186e-02
1.984500000000246018e+03,2.947891808190661322e-03
1.985500000000247837e+03,7.685095504427863489e-03
1.986500000000249656e+03,2.384836175110649492e-03
1.987500000000251475e+03,-3.078959841465689351e-02
1.988500000000253294e+03,3.214949740200268025e-02
1.989500000000255113e+03,6.277736880011275389e-02
1.990500000000256932e+03,6.397515233601325235e-03
1.991500000000258751e+03,-1.770892355924047479e-02
1.992500000000260570e+03,-2.287078904114991929e-02
1.993500000000262389e+03,1.483949157702113553e-02
1.994500000000264208e+03,-3.101017790012861042e-02
1.995500000000266027e+03,1.148509798042596231e-02
1.996500000000267846e+03,-4.680519546079153770e-02
1.997500000000269665e+03,-3.479529855351870538e-02
1.998500000000271484e+03,-3.183849770618962793e-02
1.999500000000273303e+03,-8.804107923424453475e-03
2.000500000000275122e+03,-1.922080439791784556e-02
2.001500000000276941e+03,-2.858253659908882582e-02
2.002500000000278760e+03,-9.631654267082012666e-03
2.003500000000280579e+03,-8.248527078137612989e-03
2.004500000000282398e+03,3.313150316472501800e-02
2.005500000000284217e+03,1.364386936415939999e-02
2.006500000000286263e+03,-2.086269348825453562e-02
2.007500000000288082e+03,-2.241495880758748172e-02
2.008500000000289901e+03,-8.370509080748433917e-04
2.009500000000291720e+03,-2.456634842414473496e-02
2.010500000000293539e+03,-6.836069949656575773e-03
2.011500000000295358e+03,-2.946778905939595461e-02
2.012500000000297177e+03,-2.102929309759815624e-02
2.013500000000298996e+03,-1.355528898346847200e-02
2.014500000000300815e+03,3.738428281977235201e-02
2.015500000000302634e+03,1.455808516095657978e-02
2.016500000000304453e+03,1.937913881658914761e-02
2.017500000000306272e+03,1.504594097610834069e-03
2.018500000000308091e+03,-2.857935578995807191e-02
2.019500000000309910e+03,2.559767017999092786e-02
2.020500000000311729e+03,5.486360809112511561e-02
2.021500000000313548e+03,1.964900153680559924e-02
2.022500000000315367e+03,-2.165692792647178067e-02
2.023500000000317186e+03,-1.764636980368550212e-02
2.024500000000319005e+03,-2.106265299877918551e-02
2.025500000000320824e+03,-3.253411754459989425e-02
2.026500000000322643e+03,-1.678083672004504479e-03
2.027500000000324462e+03,-3.950116505501455322e-02
2.028500000000326281e+03,-2.150625915808745958e-02
2.029500000000328100e+03,-3.343134417107762602e-02
2.030500000000329919e+03,-1.942629073846546817e-02
2.031500000000331738e+03,-2.610676465710071170e-02
2.032500000000333557e+03,-2.395808786010888980e-02
2.033500000000335376e+03,9.436245173617408000e-04
2.034500000000337195e+03,-1.383214367189111726e-02
2.035500000000339014e+03,4.318595087681842415e-02
2.036500000000340833e+03,4.703882428259476001e-03
2.037500000000342652e+03,-2.204186108951944334e-02
2.038500000000344471e+03,-6.904688831838257101e-03
2.039500000000346290e+03,-6.452854741809233019e-03
2.040500000000348109e+03,-4.153688314232795165e-02
2.041500000000349928e+03,-1.342684981608499584e-02
2.042500000000351747e+03,-3.654822496153542488e-02
2.043500000000353566e+03,-2.642531149771798482e-02
2.044500000000355385e+03,-2.057260118772319402e-02
2.045500000000357204e+03,4.110768535846887062e-02
2.046500000000359023e+03,3.685269467212037853e-03
2.047500000000360842e+03,7.602971919965284542e-03
2.048500000000362888e+03,-7.676847828633981408e-03
2.049500000000364707e+03,-4.684235002977743534e-02
2.050500000000366526e+03,2.576183296281442381e-02
2.051500000000368345e+03,3.456385524685856581e-02
2.052500000000370164e+03,1.937209053818378379e-02
2.053500000000371983e+03,-2.709969394274480692e-02
2.054500000000373802e+03,-2.471212310391024403e-02
2.055500000000375621e+03,-5.737438037982656169e-03
2.056500000000377440e+03,-3.393860002532278486e-02
2.057500000000379259e+03,2.560217954200538770e-02
2.058500000000381078e+03,-2.913430874491496070e-02
2.059500000000382897e+03,-2.022782628341701638e-02
2.060500000000384716e+03,-2.877415790200643642e-02
2.061500000000386535e+03,-7.148902868834738911e-03
2.062500000000388354e+03,-2.881224204222121443e-02
2.063500000000390173e+03,-2.903489493343158756e-02
2.064500000000391992e+03,-8.597962701912820194e-03
2.065500000000393811e+03,-1.846485040240963826e-02
2.066500000000395630e+03,4.996274608785711280e-02
2.067500000000397449e+03,5.562122695522475624e-03
2.068500000000398813e+03,-1.638357391911426930e-02
2.069500000000401087e+03,-3.625748793461980313e-02
2.070500000000402906e+03,-9.777423431557963340e-03
2.071500000000404725e+03,-2.633187774219436506e-02
2.072500000000406544e+03,1.185860392342874547e-02
2.073500000000408363e+03,-4.931181004667450907e-02
2.074500000000410182e+03,-2.790732214219815432e-02
2.075500000000412001e+03,-7.780515373497109977e-03
2.076500000000413820e+03,3.110116139049523554e-02
2.077500000000415639e+03,1.512168778199907138e-02
2.078500000000417458e+03,2.912548254698776873e-04
2.079500000000419277e+03,5.626048079818701808e-03
2.080500000000421096e+03,-1.357748634930544540e-02
2.081500000000422915e+03,3.746069611111124686e-02
2.082500000000424734e+03,4.742124115801971129e-02
2.083500000000426553e+03,1.012233283111640958e-02
2.084500000000428372e+03,-9.191839902484844060e-03
2.085500000000430191e+03,-2.343670651191587240e-02
2.086500000000432010e+03,1.538743056497082762e-02
2.087500000000433829e+03,-2.870062576016607636e-02
2.088500000000435648e+03,1.790106022590975954e-02
2.089500000000437467e+03,-5.434957178093213770e-02
2.090500000000439286e+03,-3.408108123551301105e-02
2.091500000000441105e+03,-5.084889819474369688e-02
2.092500000000442924e+03,2.601547595617148545e-03
2.093500000000444743e+03,-3.032851143353809675e-02
2.094500000000446562e+03,-3.559147068926904467e-03
2.095500000000448381e+03,-3.193370181293175847e-03
2.096500000000450200e+03,-8.581884547368190397e-03
2.097500000000452019e+03,3.501256025953125572e-02
2.098500000000453838e+03,9.143009199789275954e-03
2.099500000000455657e+03,-2.327055627372942581e-02
2.100500000000457476e+03,-1.771510197201564552e-02
2.101500000000459295e+03,1.682164653971085500e-05
2.102500000000461114e+03,-2.597363973990240993e-02
2.103500000000462933e+03,7.012646753793205789e-03
2.104500000000464752e+03,-2.738188869636815070e-02
2.105500000000466571e+03,-2.183118910758707898e-02
2.106500000000468390e+03,-9.745530653304967927e-03
2.107500000000470209e+03,3.745927058514553210e-02
2.108500000000472028e+03,7.925995991797663009e-03
2.109500000000473847e+03,6.553787894034712735e-03
2.110500000000475666e+03,-1.645832889025200529e-02
2.111500000000477485e+03,-2.988053067258533702e-02
2.112500000000479304e+03,3.323259988195559345e-02
2.113500000000481123e+03,6.744382932225789773e-02
2.114500000000482942e+03,4.985502095593119520e-03
2.115500000000484761e+03,-2.463115012338334964e-02
2.116500000000486580e+03,-3.240271995423427143e-02
2.117500000000488399e+03,2.192203467927811289e-04
2.118500000000490218e+03,-5.401873321889638646e-02
2.119500000000492037e+03,1.508326626267830761e-02
2.120500000000493856e+03,-3.036523405722846292e-02
2.121500000000495675e+03,-2.477706492751963196e-02
2.122500000000497494e+03,-3.077331498670332621e-02
2.123500000000499313e+03,-1.479215508874176521e-02
2.124500000000501132e+03,-1.778882159615591263e-02
2.125500000000502951e+03,-2.379459234759906394e-02
2.126500000000504770e+03,-1.696128553899711733e-02
2.127500000000506589e+03,-1.449304733122858124e-02
2.128500000000508408e+03,2.826804218136658164e-02
2.129500000000510227e+03,-8.278743668199695094e-03
2.130500000000512046e+03,-3.690685969763762841e-02
2.131500000000513865e+03,-2.098923937046492938e-02
2.132500000000515683e+03,-1.422779716455124799e-02
2.133500000000517502e+03,-3.451718484831189926e-02
2.134500000000519321e+03,4.568063142357914330e-03
2.135500000000521140e+03,-2.245470890355250049e-02
2.136500000000522959e+03,-2.718572524821638581e-02
2.137500000000524778e+03,-2.461082392318303391e-02
2.138500000000526597e+03,3.335546951765877566e-02
2.139500000000528416e+03,1.250094094169185155e-02
2.140500000000530235e+03,-5.636784832802277379e-03
2.141500000000532054e+03,-2.237138177525821447e-02
2.142500000000533873e+03,-2.883039363646844322e-02
2.143500000000535692e+03,2.288450431572641719e-02
2.144500000000537511e+03,5.019903722163121529e-02
2.145500000000539330e+03,-4.207902944131092227e-05
2.146500000000541149e+03,-3.660499910492376330e-02
2.147500000000542968e+03,-2.830477111785967281e-02
2.148500000000544787e+03,1.447362898852588842e-02
2.149500000000546606e+03,-4.168702514755295852e-02
2.150500000000548425e+03,1.167071959952181714e-02
2.151500000000550244e+03,-4.604820084838934235e-02
2.152500000000552063e+03,-2.973724803635491298e-02
2.153500000000554337e+03,-2.389963755058488459e-02
2.154500000000556156e+03,-1.415216084126313945e-03
2.155500000000557975e+03,-3.254438928911440598e-02
2.156500000000559794e+03,-2.095310782056003518e-02
2.157500000000561613e+03,-2.108786852426192127e-02
2.158500000000563432e+03,-1.579628630065599282e-02
2.159500000000565251e+03,2.894436047014892210e-02
2.160500000000567070e+03,-4.880339685030321561e-03
2.161500000000568889e+03,-3.058454553152500921e-02
2.162500000000570708e+03,-5.637724525541898402e-03
2.163500000000572527e+03,-1.894660561612226957e-02
2.164500000000574346e+03,-2.448367556789321497e-02
2.165500000000576165e+03,1.808925287647866753e-02
2.166500000000577984e+03,-1.814824914035284564e-02
2.167500000000579803e+03,-6.945055032076652424e-03
2.168500000000581622e+03,-1.345415526915871851e-02
2.169500000000583441e+03,2.892065498244278388e-02
2.170500000000585260e+03,1.718430553276562023e-02
2.171500000000587079e+03,2.752481696006725542e-04
2.172500000000588898e+03,-1.056742945013411372e-02
2.173500000000590717e+03,-1.618045750538499306e-02
2.174500000000592536e+03,4.342322176461266281e-02
2.175500000000594355e+03,6.182073572580293330e-02
2.176500000000596174e+03,1.181303641283193429e-02
2.177500000000597993e+03,-1.478678123265808608e-02
2.178500000000599812e+03,-3.016356914901052733e-02
2.179500000000601631e+03,2.092388240507148112e-02
2.180500000000603450e+03,-3.569858988299756675e-02
2.181500000000605269e+03,1.964394869858665515e-02
2.182500000000607088e+03,-4.607612573070696271e-02
2.183500000000608907e+03,-2.229808586042736351e-02
2.184500000000610726e+03,-4.733377016088979872e-02
2.185500000000612545e+03,-9.087649293689992192e-03
2.186500000000614364e+03,-4.044098260155237767e-02
2.187500000000616183e+03,-9.590712671780465826e-03
2.188500000000618002e+03,9.038280848614022034e-03
2.189500000000619821e+03,8.656862268253462389e-03
2.190500000000621640e+03,5.001579961455604462e-02
2.191500000000623459e+03,-8.729821235931467527e-03
2.192500000000625278e+03,-3.066008197322389606e-02
2.193500000000627097e+03,-1.512327116154210671e-02
2.194500000000628916e+03,-9.084853289152761135e-03
2.195500000000630735e+03,-3.623592900024164010e-02
2.196500000000632554e+03,9.736659443035478034e-03
2.197500000000634373e+03,-1.978366602008918562e-02
2.198500000000636192e+03,-1.627732270154069738e-02
2.199500000000638011e+03,-1.711238948414006700e-02
2.200500000000639830e+03,3.416969629356003679e-02
2.201500000000641649e+03,2.952042802800747268e-02
2.202500000000643468e+03,1.974069929121924361e-02
2.203500000000645286e+03,-6.322836560997302513e-03
2.204500000000647105e+03,-2.845213713911221021e-02
2.205500000000648924e+03,2.299565067141884356e-02
2.206500000000650743e+03,4.702583327491538512e-02
2.207500000000652562e+03,1.452591139658920838e-02
2.208500000000654381e+03,-1.826453619273138429e-02
2.209500000000656200e+03,-2.029967983816050037e-02
2.210500000000658019e+03,-1.281641248141340839e-03
2.211500000000659838e+03,-2.413630977454772619e-02
2.212500000000661657e+03,1.167608178491263970e-02
2.213500000000663476e+03,-4.782662308579688215e-02
2.214500000000665295e+03,-4.407888166366547011e-02
2.215500000000667114e+03,-5.632397684948386996e-02
2.216500000000668933e+03,-1.598490115014783441e-02
2.217500000000670752e+03,-3.751617914397797904e-02
2.218500000000672571e+03,-2.691630216204998760e-02
2.219500000000674390e+03,-1.194433612104717213e-02
2.220500000000676209e+03,-7.777398939595059346e-03
2.221500000000678028e+03,6.135451673370084791e-02
2.222500000000679847e+03,2.616350191999572417e-04
2.223500000000681666e+03,-2.470820726952638324e-02
2.224500000000683485e+03,-1.012663576301520152e-02
2.225500000000685304e+03,-3.398636087638351455e-03
2.226500000000687123e+03,-2.443988118778861462e-02
2.227500000000688942e+03,6.949497038249319303e-03
2.228500000000690761e+03,-2.670075874917188230e-02
2.229500000000692580e+03,-2.569789408457268109e-02
2.230500000000694399e+03,-2.502933478461955019e-02
2.231500000000696218e+03,3.276671100778116852e-02
2.232500000000698037e+03,2.068655711246947249e-02
2.233500000000699856e+03,9.620998683459447420e-03
2.234500000000701675e+03,2.822706605314806438e-03
2.235500000000703494e+03,-4.480405033851297958e-02
2.236500000000705313e+03,2.948180210381678990e-02
2.237500000000707587e+03,4.925645078725437997e-02
2.238500000000709406e+03,2.238209320736928021e-02
2.239500000000711225e+03,-2.060478348440142327e-02
2.240500000000713044e+03,-2.277114802697610685e-02
2.241500000000714863e+03,2.512694451155539355e-03
2.242500000000716682e+03,-3.139068748828321986e-02
2.243500000000718501e+03,1.861863820275289072e-02
2.244500000000720320e+03,-2.802060101899428446e-02
2.245500000000722139e+03,-2.293669548086540999e-02
2.246500000000723958e+03,-5.627810243231579079e-02
2.247500000000725777e+03,-1.031624798594066306e-02
2.248500000000727596e+03,-2.802256289930937783e-02
2.249500000000729415e+03,-2.536257439814448844e-02
2.250500000000731234e+03,7.058455535400298686e-03
2.251500000000733053e+03,-4.845173265664470819e-03
2.252500000000734872e+03,4.859767701429973386e-02
2.253500000000736691e+03,-1.703355183082067015e-03
2.254500000000738510e+03,-4.202196979386485509e-02
2.255500000000740329e+03,-1.713121207922085887e-02
2.256500000000742148e+03,-1.952678922759787383e-02
2.257500000000743967e+03,-2.741658794181489611e-02
2.258500000000745786e+03,6.903492694334545376e-04
2.259500000000747605e+03,-3.363092156308766789e-02
2.260500000000749424e+03,-1.136498370425442772e-02
2.261500000000751243e+03,-1.535934082158973979e-02
2.262500000000753062e+03,3.933193543724655683e-02
2.263500000000754881e+03,3.423918606637244011e-02
2.264500000000756700e+03,5.541033297134845270e-03
2.265500000000758519e+03,5.207809242421035378e-03
2.266500000000760338e+03,-3.703486200635097703e-02
2.267500000000762157e+03,3.620703629567856296e-02
2.268500000000763976e+03,5.746945749558562966e-02
2.269500000000765795e+03,1.417374970225182551e-02
2.270500000000767614e+03,-1.714832359570550580e-02
2.271500000000769433e+03,-1.828975841061719620e-02
2.272500000000771252e+03,-2.891978309492060362e-03
2.273500000000773070e+03,-3.379073253194064819e-02
2.274500000000774889e+03,1.320365786904176275e-02
2.275500000000776708e+03,-4.962191227357948264e-02
2.276500000000778527e+03,-6.566691493901544163e-03
2.277500000000780346e+03,-3.138211319983952308e-02
2.278500000000782165e+03,-8.927238785815916344e-03
2.279500000000783984e+03,-3.110133732394615436e-02
2.280500000000785803e+03,-2.506154882584610277e-02
2.281500000000787622e+03,-1.732680066723446544e-02
2.282500000000789441e+03,-1.411964282578992425e-02
2.283500000000791260e+03,3.321340015423857039e-02
2.284500000000793079e+03,1.125528520191210191e-03
2.285500000000794898e+03,1.936693679681411595e-03
2.286500000000796717e+03,4.994784877681013313e-03
2.287500000000798536e+03,6.454336929067494566e-03
2.288500000000800355e+03,-1.827678129282617192e-02
2.289500000000802174e+03,1.011694320519040957e-02
2.290500000000803993e+03,-1.798577366182030346e-02
2.291500000000805812e+03,-1.879279521011767429e-02
2.292500000000807631e+03,-1.094144575006339437e-02
2.293500000000809450e+03,3.290246444825584149e-02
2.294500000000811269e+03,1.681494867827382222e-02
2.295500000000813088e+03,1.342379710575869467e-02
2.296500000000814907e+03,-1.180981255367896665e-02
2.297500000000816726e+03,-2.545643998956848009e-02
2.298500000000818545e+03,3.368372366711014365e-02
2.299500000000820364e+03,6.790174325135467370e-02
2.300500000000822183e+03,6.406078017391791946e-03
2.301500000000824002e+03,-1.968145069017168680e-02
2.302500000000825821e+03,-1.657741651646915670e-02
2.303500000000827640e+03,9.241806494742377254e-03
2.304500000000829459e+03,-4.365958458126328878e-02
2.305500000000831278e+03,2.562639268015232119e-02
2.306500000000833097e+03,-4.155145882947408609e-02
2.307500000000834916e+03,-2.237769210850615309e-02
2.308500000000836735e+03,-2.931678547372484900e-02
2.309500000000838554e+03,-6.341398429299260897e-03
2.310500000000840373e+03,-1.060763865646663362e-02
2.311500000000842192e+03,-8.132546869887846697e-04
2.312500000000844011e+03,3.778871605248923515e-03
2.313500000000845830e+03,-9.502333634628712389e-03
2.314500000000847649e+03,3.723811960225020812e-02
2.315500000000849468e+03,-1.852585122605887591e-04
2.316500000000851287e+03,-2.635886667258091620e-02
2.317500000000853106e+03,-9.077003997759902632e-03
2.318500000000854925e+03,-7.382328637532964422e-03
2.319500000000856744e+03,-3.168126702658469185e-02
2.320500000000858563e+03,1.326672615709867387e-02
2.321500000000860837e+03,-4.366101721225845722e-02
2.322500000000862656e+03,-1.347829512195630741e-02
2.323500000000864475e+03,-1.944519981373105111e-02
2.324500000000866294e+03,3.901503866200073389e-02
2.325500000000868113e+03,1.995721791377036425e-02
2.326500000000869932e+03,1.142903664492678217e-02
2.327500000000871751e+03,-1.139575574777040856e-02
2.328500000000873570e+03,-3.386371675111377044e-02
2.329500000000875389e+03,2.352003373900402039e-02
2.330500000000877208e+03,5.085536774024035367e-02
2.331500000000879027e+03,1.707467836803289174e-02
2.332500000000880846e+03,-3.627553402554895001e-02
2.333500000000882665e+03,-2.080637270196916688e-02
2.334500000000884484e+03,1.202622504186479091e-02
2.335500000000886303e+03,-3.912958769532792758e-02
2.336500000000888122e+03,2.655463259060297787e-03
2.337500000000889941e+03,-5.388314046601294649e-02
2.338500000000891760e+03,-2.988552739410010872e-02
2.339500000000893579e+03,-3.991360267247046067e-02
2.340500000000895398e+03,-1.344855186221138865e-02
2.341500000000897217e+03,-3.161842572652062699e-02
2.342500000000899036e+03,1.029011970302917689e-03
2.343500000000900855e+03,5.952591828474851354e-03
2.344500000000902673e+03,6.053406745820666401e-04
2.345500000000904492e+03,3.241508815347060590e-02
2.346500000000906311e+03,-2.652360171992995674e-03
2.347500000000908130e+03,-3.248086498254565413e-02
2.348500000000909949e+03,-1.141471769074087206e-02
2.349500000000911768e+03,-8.289617821105821349e-03
2.350500000000913587e+03,-2.725647753155158171e-02
2.351500000000915406e+03,7.215242676863908855e-03
2.352500000000917225e+03,-1.839010083440939525e-02
2.353500000000919044e+03,-2.414537459887355908e-02
2.354500000000920863e+03,5.636604840617565060e-04
2.355500000000922682e+03,3.460699448768878028e-02
2.356500000000924501e+03,5.368678401936222144e-03
2.357500000000926320e+03,9.442275675411337943e-03
2.358500000000928139e+03,-9.101265283391057892e-03
2.359500000000929958e+03,-2.533701704106761099e-02
2.360500000000931777e+03,2.639675652545747653e-02
2.361500000000933596e+03,7.324103256195257927e-02
2.362500000000935415e+03,1.961520490101520409e-02
2.363500000000937234e+03,-1.160515492966851525e-02
2.364500000000939053e+03,-3.502155770277681768e-02
2.365500000000940872e+03,6.657378683712522616e-03
2.366500000000942691e+03,-2.615289205587600918e-02
2.367500000000944510e+03,9.967331048329697296e-03
2.368500000000946329e+03,-3.969098738573961782e-02
2.369500000000948148e+03,-2.340713286869799958e-02
2.370500000000949967e+03,-3.153716906166437184e-02
2.371500000000951786e+03,3.262375160829833476e-03
2.372500000000953605e+03,-2.612233390269125266e-02
2.373500000000955424e+03,-1.334100140510940946e-02
2.374500000000957243e+03,-1.610749678712863897e-02
2.375500000000959062e+03,-1.853499896043331319e-02
2.376500000000960881e+03,4.609855539942486757e-02
2.377500000000962700e+03,-8.064709411684134466e-03
2.378500000000964519e+03,-2.773294857550467896e-02
2.379500000000966338e+03,-2.455070737187270424e-02
2.380500000000968157e+03,1.097174468711159534e-02
2.381500000000969976e+03,-2.971205502751672611e-02
2.382500000000971795e+03,1.737366923336480795e-02
2.383500000000973614e+03,-1.538836351724626184e-02
2.384500000000975433e+03,-1.097471094041679862e-02
2.385500000000977252e+03,-1.121946554090413883e-02
2.386500000000979071e+03,2.870105197064276581e-02
2.387500000000980890e+03,2.832600156773423805e-02
2.388500000000982709e+03,1.312029818529936165e-02
2.389500000000984528e+03,-1.871919521619247462e-03
2.390500000000986347e+03,-2.954670698406403062e-02
2.391500000000988166e+03,4.453197331721980845e-02
2.392500000000989985e+03,5.108066216541828908e-02
2.393500000000991804e+03,1.231122837765497025e-02
2.394500000000993623e+03,-8.889621428380678481e-03
2.395500000000995442e+03,-2.225448660061601913e-02
2.396500000000997261e+03,9.171122572325884903e-03
2.397500000000999080e+03,-3.826235571159486426e-02
2.398500000001000899e+03,-2.287204944764198444e-04
2.399500000001002718e+03,-5.546401146449397856e-02
2.400500000001004537e+03,-2.688608555115479248e-02
2.401500000001006356e+03,-5.170122182244085707e-02
2.402500000001008175e+03,-1.626441855677285275e-02
2.403500000001009994e+03,-4.289658520065131597e-02
2.404500000001011813e+03,-1.959711976726907778e-02
2.405500000001014087e+03,1.108783169118510159e-02
2.406500000001015906e+03,4.199405535075584339e-03
2.407500000001017725e+03,4.018096946086302523e-02
2.408500000001019544e+03,-1.109492059629246796e-02
2.409500000001021363e+03,-3.737412294427144843e-02
2.410500000001023182e+03,-2.225162969926941514e-02
2.411500000001025001e+03,-1.632096771132296453e-02
2.412500000001026820e+03,-2.650239337157245245e-02
2.413500000001028639e+03,5.822161126019409494e-03
2.414500000001030457e+03,-4.162866297969003426e-02
2.415500000001032276e+03,-3.752351743625581548e-02
2.416500000001034095e+03,-2.643927103048326899e-02
2.417500000001035914e+03,2.833779228629396130e-02
2.418500000001037733e+03,1.128811310451283134e-02
2.419500000001039552e+03,1.220964696469195587e-02
2.420500000001041371e+03,-7.733760126427569048e-03
2.421500000001043190e+03,-2.340565157902574356e-02
2.422500000001045009e+03,3.056619346446609597e-02
2.423500000001046828e+03,6.584382179829617598e-02
2.424500000001048647e+03,5.964677658170103314e-03
2.425500000001050466e+03,-1.294418527720608836e-02
2.426500000001052285e+03,-3.234136515169439008e-02
2.427500000001054104e+03,1.291470316374443428e-02
2.428500000001055923e+03,-2.262264528607715874e-02
2.429500000001057742e+03,1.116456697161538614e-02
2.430500000001059561e+03,-4.767266803429492938e-02
2.431500000001061380e+03,-2.170211561212909146e-02
2.432500000001063199e+03,-5.672927501740332445e-02
2.433500000001065018e+03,-1.723739187809769646e-02
2.434500000001066837e+03,-3.153736076035329461e-02
2.435500000001068656e+03,-1.253398959397600265e-02
2.436500000001070475e+03,4.789885643361913026e-03
2.437500000001072294e+03,-1.095088039960501192e-03
2.438500000001074113e+03,3.781864793924682999e-02
2.439500000001075932e+03,8.496245647847899818e-03
2.440500000001077751e+03,-1.838001809849743040e-02
2.441500000001079570e+03,-2.045604434059100640e-02
2.442500000001081389e+03,3.208427987942741311e-03
2.443500000001083208e+03,-2.479864527649056072e-02
2.444500000001085027e+03,1.392066687412807369e-02
2.445500000001086846e+03,-3.392834090939800262e-02
2.446500000001088665e+03,-1.084084150144803971e-02
2.447500000001090484e+03,-1.828787789344232806e-02
2.448500000001092303e+03,3.122945375079666519e-02
2.449500000001094122e+03,1.854530032582601962e-02
2.450500000001095941e+03,1.303171508553191416e-02
2.451500000001097760e+03,2.168135209217325610e-04
2.452500000001099579e+03,-2.973152079636065537e-02
2.453500000001101398e+03,3.648628051851687815e-02
2.454500000001103217e+03,5.032082438847851336e-02
2.455500000001105036e+03,2.158002216438603682e-02
2.456500000001106855e+03,-3.639495022886762854e-02
2.457500000001108674e+03,-4.078402483477816531e-02
2.458500000001110493e+03,3.040060096139995949e-03
2.459500000001112312e+03,-2.951709752468900660e-02
2.460500000001114131e+03,2.176521641402473506e-02
2.461500000001115950e+03,-3.899175908915708533e-02
2.462500000001117769e+03,-3.140194703507859231e-02
2.463500000001119588e+03,-2.371422269578715714e-02
2.464500000001121407e+03,-9.530031847759801167e-03
2.465500000001123226e+03,-2.518193216033637327e-02
2.466500000001125045e+03,-1.461123034064826243e-02
2.467500000001126864e+03,7.147702862909000032e-03
2.468500000001128683e+03,-1.466357013234187434e-02
2.469500000001130502e+03,3.447200685488382987e-02
2.470500000001132321e+03,1.120691304379306530e-04
2.471500000001134140e+03,-1.905072721061173979e-02
2.472500000001135959e+03,-1.327938664320527096e-02
2.473500000001137778e+03,-5.571502083540735839e-03
2.474500000001139597e+03,-3.270255901716723201e-02
2.475500000001141416e+03,9.086371024352501991e-03
2.476500000001143235e+03,-3.231920843589364267e-02
2.477500000001145054e+03,-2.419313794644040172e-02
2.478500000001146873e+03,-2.684433205166669723e-02
2.479500000001148692e+03,3.479617705602322530e-02
2.480500000001150511e+03,9.381355218039288957e-03
2.481500000001152330e+03,1.331589757000983809e-02
2.482500000001154149e+03,-9.204294206000440681e-03
2.483500000001155968e+03,-3.784043936278180809e-02
2.484500000001157787e+03,2.191414067274877198e-02
2.485500000001159606e+03,3.834607314522031629e-02
2.486500000001161425e+03,1.362747966737742900e-03
2.487500000001163244e+03,-1.005514164882015393e-02
2.488500000001165063e+03,-3.122878816500929133e-02
2.489500000001167336e+03,-1.493459301596544719e-02
2.490500000001169155e+03,-3.075432172829550836e-02
2.491500000001170974e+03,1.207076014640051653e-02
2.492500000001172793e+03,-4.313616562791366960e-02
2.493500000001174612e+03,-2.084895278301246435e-02
2.494500000001176431e+03,-3.123747412809052548e-02
2.495500000001178250e+03,-1.939652677270942149e-02
2.496500000001180069e+03,-3.368341238663674631e-02
2.497500000001181888e+03,-1.160406564326876833e-02
2.498500000001183707e+03,1.526489195396152354e-02
2.499500000001185526e+03,-8.419074974625573304e-03
2.500500000001187345e+03,5.141390345235663517e-02
2.501500000001189164e+03,1.795733443714198074e-03
2.502500000001190983e+03,-1.440208843817458728e-02
2.503500000001192802e+03,-1.775798086816848809e-02
2.504500000001194621e+03,-6.343755464257583299e-03
2.505500000001196440e+03,-4.239023811234687855e-02
2.506500000001198259e+03,2.720617266732006101e-03
2.507500000001200078e+03,-5.107447631192485460e-02
2.508500000001201897e+03,-1.160459514403555659e-02
2.509500000001203716e+03,-1.295177309486916783e-02
2.510500000001205535e+03,3.342586499874755646e-02
2.511500000001207354e+03,1.135670227111518216e-02
2.512500000001209173e+03,5.738025741266028490e-03
2.513500000001210992e+03,5.185723321119439788e-04
2.514500000001212811e+03,-3.216530223366476093e-02
2.515500000001214630e+03,3.188392454342192650e-02
2.516500000001216449e+03,4.942313537628706399e-02
2.517500000001218268e+03,2.145092707365847673e-02
2.518500000001220087e+03,-2.684344815327222022e-02
2.519500000001221906e+03,-2.136200821206557521e-02
2.520500000001223725e+03,1.332121856077606026e-02
2.521500000001225544e+03,-3.015633356289981748e-02
2.522500000001227363e+03,2.155384036862528774e-02
2.523500000001229182e+03,-4.684636151185372910e-02
2.524500000001231001e+03,-2.470449262699503379e-02
2.525500000001232820e+03,-3.292527995884597658e-02
2.526500000001234639e+03,-1.662584267853617348e-02
2.527500000001236458e+03,-3.397788733207107725e-02
2.528500000001238277e+03,-3.496513780532950477e-03
2.529500000001240096e+03,-1.104292050328581354e-02
2.530500000001241915e+03,-1.089111787800334241e-02
2.531500000001243734e+03,4.593974093268116121e-02
2.532500000001245553e+03,1.276874192990362644e-02
2.533500000001247372e+03,-7.238071876145113492e-03
2.534500000001249191e+03,4.693402814041292004e-03
2.535500000001251010e+03,-2.559036001031245178e-03
2.536500000001252829e+03,-2.759031952493273820e-02
2.537500000001254648e+03,-6.540229245075579456e-03
2.538500000001256467e+03,-2.095363010073469923e-02
2.539500000001258286e+03,-1.504653905681152537e-02
2.540500000001260105e+03,-1.892480466878510015e-02
2.541500000001261924e+03,2.574796324776684742e-02
2.542500000001263743e+03,2.281814601917631080e-02
2.543500000001265562e+03,1.018555026644207828e-02
2.544500000001267381e+03,-1.429146010835324887e-02
2.545500000001269200e+03,-3.768705836350250138e-02
2.546500000001271019e+03,5.319553618147665475e-02
2.547500000001272838e+03,5.396805860456765913e-02
2.548500000001274657e+03,1.634959235309452197e-02
2.549500000001276476e+03,-3.032373476688121627e-02
2.550500000001278295e+03,-3.736843947635293262e-02
2.551500000001280114e+03,1.865918869043525774e-03
2.552500000001281933e+03,-3.114865459554039262e-02
2.553500000001283752e+03,3.089232228725791174e-02
2.554500000001285571e+03,-4.288326059216274189e-02
2.555500000001287390e+03,-3.428275135979674815e-02
2.556500000001289209e+03,-3.936105237869469420e-02
2.557500000001291028e+03,-2.106422666295770796e-02
2.558500000001292847e+03,-2.141566912413850332e-02
2.559500000001294666e+03,-1.807691370512998219e-02
2.560500000001296485e+03,-1.248029598417588204e-02
2.561500000001298304e+03,-6.513480696753504162e-03
2.562500000001300123e+03,4.884816429222382794e-02
2.563500000001301942e+03,7.991745871606781293e-03
2.564500000001303761e+03,-2.415314441682880897e-02
2.565500000001305580e+03,-5.583696791006786952e-03
2.566500000001307399e+03,-7.632808411955238626e-03
2.567500000001309218e+03,-3.952249289153542122e-02
2.568500000001311037e+03,1.237767056355210116e-02
2.569500000001312856e+03,-2.545438037660119335e-02
2.570500000001314675e+03,-1.887927669383770990e-02
2.571500000001316494e+03,-1.510017188988399539e-02
2.572500000001318313e+03,2.424050104275465856e-02
2.573500000001320586e+03,8.082455078152861461e-03
2.574500000001322405e+03,-3.614118606179772542e-03
2.575500000001324224e+03,-3.257921740555502765e-03
2.576500000001326043e+03,-2.184420790266017320e-02
2.577500000001327862e+03,3.757312536097856537e-02
2.578500000001329681e+03,4.078728559736077841e-02
2.579500000001331500e+03,4.519783972227742197e-04
2.580500000001333319e+03,-1.405065498499880050e-02
2.581500000001335138e+03,-1.383753669247766993e-02
2.582500000001336957e+03,1.009325825663154319e-02
2.583500000001338776e+03,-3.211357987612473153e-02
2.584500000001340595e+03,4.644350348002035389e-03
2.585500000001342414e+03,-4.052722921576901172e-02
2.586500000001344233e+03,-2.707661012229323205e-02
2.587500000001346052e+03,-2.784277202644602767e-02
2.588500000001347871e+03,-6.743015699129273344e-03
2.589500000001349690e+03,-2.076133437708449492e-02
2.590500000001351509e+03,-1.885259773806069461e-02
2.591500000001353328e+03,-4.054266617515622784e-03
2.592500000001355147e+03,-7.268518540627155744e-03
2.593500000001356966e+03,5.773586794319385262e-02
2.594500000001358785e+03,-6.465440173712977412e-04
2.595500000001360604e+03,-1.400726949944441913e-02
2.596500000001362423e+03,-3.209850656133994562e-02
2.597500000001364242e+03,-1.770646876008186155e-02
2.598500000001366061e+03,-3.147085160242113488e-02
2.599500000001367880e+03,5.860867627035304395e-03
2.600500000001369699e+03,-8.689589882493464756e-03
2.601500000001371518e+03,-2.301991591764362965e-03
2.602500000001373337e+03,-1.822794537349636812e-02
2.603500000001375156e+03,4.635773917024721413e-02
2.604500000001376975e+03,1.686081272256956254e-02
2.605500000001378794e+03,2.586476996765441072e-02
2.606500000001380613e+03,2.512364512654130522e-03
2.607500000001382432e+03,-2.386554978707522423e-02
2.608500000001384251e+03,3.002880510760519428e-02
2.609500000001386070e+03,6.213811222582421578e-02
2.610500000001387889e+03,2.527935217514709620e-02
2.611500000001389708e+03,-1.448300128348023463e-02
2.612500000001391527e+03,-2.432415065123905151e-02
2.613500000001393346e+03,7.092282062615140603e-03
2.614500000001395165e+03,-3.465694014889209029e-02
2.615500000001396984e+03,2.094960186980188155e-02
2.616500000001398803e+03,-3.120685550322832569e-02
2.617500000001400622e+03,-3.174938727320864018e-02
2.618500000001402441e+03,-4.178928572699192046e-02
2.619500000001404260e+03,-1.377582824500223069e-02
2.620500000001406079e+03,-1.232342793352358967e-02
2.621500000001407898e+03,-1.992607057471218468e-02
2.622500000001409717e+03,-4.106825022233806521e-03
2.623500000001411536e+03,9.369378719327414728e-03
2.624500000001413355e+03,4.574913239025590883e-02
2.625500000001415174e+03,1.111767917299744113e-02
2.626500000001416993e+03,-1.982254759568036206e-02
2.627500000001418812e+03,7.106016554132565943e-04
2.628500000001420631e+03,3.067360499443338995e-03
2.629500000001422450e+03,-3.486588472662788263e-02
2.630500000001424269e+03,-7.650779745887348327e-03
2.631500000001426088e+03,-2.829635340046365855e-02
2.632500000001427907e+03,-2.191276854057377932e-02
2.633500000001429726e+03,-8.760779834290133294e-03
2.634500000001431545e+03,6.622298923059588560e-02
2.635500000001433364e+03,1.788587455635592960e-02
2.636500000001435183e+03,1.077783063735182623e-02
2.637500000001437002e+03,3.620429006048198062e-03
2.638500000001438821e+03,-2.771651886777704021e-02
2.639500000001440640e+03,2.828501847551478932e-02
2.640500000001442459e+03,5.072408706277542478e-02
2.641500000001444278e+03,3.408911839301254076e-03
2.642500000001446097e+03,-3.118587315748300171e-02
2.643500000001447916e+03,-2.572042177283151432e-02
2.644500000001449735e+03,-3.378726930151287888e-03
2.645500000001451554e+03,-1.008359984288631495e-02
2.646500000001453373e+03,3.102746101430398085e-02
2.647500000001455192e+03,-3.737601627520348302e-02
2.648500000001457011e+03,-1.588226731323061358e-02
2.649500000001458830e+03,-3.924260639809062923e-02
2.650500000001460648e+03,-8.310771695789753721e-04
2.651500000001462467e+03,-2.297413410934723288e-02
2.652500000001464286e+03,-1.297600530293152588e-02
2.653500000001466105e+03,-5.413835713653725179e-03
2.654500000001467924e+03,6.136973139490464746e-03
2.655500000001469743e+03,5.477623496960859484e-02
2.656500000001471562e+03,-1.420992264655751569e-03
2.657500000001473836e+03,-1.790543394537280619e-02
2.658500000001475655e+03,-1.804804806323545563e-02
2.659500000001477474e+03,-6.023071907350185938e-03
2.660500000001479293e+03,-2.491126145022803939e-02
2.661500000001481112e+03,3.009913221546867135e-03
2.662500000001482931e+03,-1.965306157583768254e-02
2.663500000001484750e+03,-1.495745684360372252e-02
2.664500000001486569e+03,-4.190873864473587673e-03
2.665500000001488388e+03,2.388218438025546675e-02
2.666500000001490207e+03,1.227152425434496763e-02
2.667500000001492026e+03,4.607528039116459695e-03
2.668500000001493845e+03,-5.765299626432351943e-03
2.669500000001495664e+03,-3.813191817866368183e-02
2.670500000001497483e+03,2.804933500146944425e-02
2.671500000001499302e+03,5.109987122284564975e-02
2.672500000001501121e+03,1.325008203974675780e-02
2.673500000001502940e+03,-3.696127527211956476e-02
2.674500000001504759e+03,-1.734277744620271733e-02
2.675500000001506578e+03,-5.190278336328901787e-03
2.676500000001508397e+03,-1.830636536405449988e-02
2.677500000001510216e+03,2.462842295574318996e-02
2.678500000001512035e+03,-5.162321842473716060e-02
2.679500000001513854e+03,-2.116166815312681138e-02
2.680500000001515673e+03,-2.841715818894385848e-02
2.681500000001517492e+03,-7.389832493288395199e-03
2.682500000001519311e+03,-2.421035224006118369e-02
2.683500000001521130e+03,-4.146716991101584426e-03
2.684500000001522949e+03,-1.995021139805430721e-03
2.685500000001524768e+03,2.757010081722910400e-03
2.686500000001526587e+03,5.402598270504199718e-02
2.687500000001528406e+03,-1.282297190812187182e-02
2.688500000001530225e+03,-3.166341941224004586e-02
2.689500000001532044e+03,-1.749108327857129552e-02
2.690500000001533863e+03,-2.438363674687593630e-02
2.691500000001535682e+03,-3.108663779940457061e-02
2.692500000001537501e+03,1.796830605042032403e-02
2.693500000001539320e+03,-2.075808656297795096e-02
2.694500000001541139e+03,-1.349894869832723998e-03
2.695500000001542958e+03,-1.785770904993455588e-02
2.696500000001544777e+03,3.985849253322726327e-02
2.697500000001546596e+03,1.120480014981239947e-02
2.698500000001548415e+03,-5.034577405353957147e-03
2.699500000001550234e+03,-4.932612099963762375e-03
2.700500000001552053e+03,-2.699555783422624700e-02
2.701500000001553872e+03,4.409187905136491281e-02
2.702500000001555691e+03,5.514726987527751589e-02
2.703500000001557510e+03,2.852202471871123635e-03
2.704500000001559329e+03,-4.079108449633395139e-02
2.705500000001561148e+03,-3.015410394462492150e-02
2.706500000001562967e+03,1.044559707537473514e-02
2.707500000001564786e+03,-3.748853037640742514e-02
2.708500000001566605e+03,1.690952909083875966e-02
2.709500000001568424e+03,-4.128282417912032543e-02
2.710500000001570243e+03,-1.593552718676960467e-02
2.711500000001572062e+03,-2.952765518477917794e-02
2.712500000001573881e+03,4.330196421676646423e-03
2.713500000001575700e+03,-3.979141406284725235e-02
2.714500000001577519e+03,-2.182496228527952553e-03
2.715500000001579338e+03,-3.625026926982855002e-03
2.716500000001581157e+03,7.974175200615718495e-03
2.717500000001582976e+03,6.116428741489698950e-02
2.718500000001584795e+03,-4.701832019406992913e-04
2.719500000001586614e+03,-2.671058503307222054e-02
2.720500000001588432e+03,-1.791875497721662214e-02
2.721500000001590251e+03,-8.861668234743547146e-03
2.722500000001592070e+03,-3.551015379855471110e-02
2.723500000001593889e+03,1.114652845518548929e-02
2.724500000001595708e+03,-3.669203675710264179e-02
2.725500000001597527e+03,-1.218955020192424854e-02
2.726500000001599346e+03,-3.214233052077020147e-02
2.727500000001601165e+03,3.377122048772207563e-02
2.728500000001602984e+03,1.625555505410147816e-02
2.729500000001604803e+03,7.323512083303285181e-03
2.730500000001606622e+03,-2.034005092355073430e-05
2.731500000001608441e+03,-2.845875148051391079e-02
2.732500000001610260e+03,4.618257916459356238e-02
2.733500000001612079e+03,5.085676321539267519e-02
2.734500000001613898e+03,2.908552607976844229e-02
2.735500000001615717e+03,-2.733467272966549899e-02
2.736500000001617536e+03,-3.453145619502606678e-02
2.737500000001619355e+03,-1.536355406065581519e-02
2.738500000001621174e+03,-4.364945588989144198e-02
2.739500000001622993e+03,2.032643782519016895e-02
2.740500000001624812e+03,-4.961207493752795017e-02
2.741500000001627086e+03,-3.352743385880785354e-02
2.742500000001628905e+03,-4.697089562969836152e-02
2.743500000001630724e+03,-3.737909183371357358e-03
2.744500000001632543e+03,-2.813215530977686285e-02
2.745500000001634362e+03,-1.894644906801090656e-02
2.746500000001636181e+03,8.705701111097141620e-03
2.747500000001638000e+03,-3.942657816651262692e-04
2.748500000001639819e+03,4.490186193868339615e-02
2.749500000001641638e+03,-2.135023740143537907e-02
2.750500000001643457e+03,-1.921354831966937127e-02
2.751500000001645276e+03,-1.738947490758846470e-02
2.752500000001647095e+03,-5.314376150636235252e-03
2.753500000001648914e+03,-2.589783414811108742e-02
2.754500000001650733e+03,2.267962469014150884e-02
2.755500000001652552e+03,-3.521190332295986991e-02
2.756500000001654371e+03,-1.581390248469460857e-02
2.757500000001656190e+03,-1.243791682526307341e-02
2.758500000001658009e+03,4.704657020491254116e-02
2.759500000001659828e+03,9.520230735660106802e-03
2.760500000001661647e+03,1.906627072884248264e-03
2.761500000001663466e+03,-1.224449333105326332e-02
2.762500000001665285e+03,-3.659609946021191718e-02
2.763500000001667104e+03,2.958641220419622186e-02
2.764500000001668923e+03,5.579267746327332134e-02
2.765500000001670742e+03,1.307986742207845055e-02
2.766500000001672561e+03,-2.815967429975785308e-02
2.767500000001674380e+03,-1.560421291924285470e-02
2.768500000001676199e+03,-1.061435078838712798e-03
2.769500000001678018e+03,-3.997490765775069121e-02
2.770500000001679837e+03,4.226197038036616505e-03
2.771500000001681656e+03,-4.571338106563871406e-02
2.772500000001683475e+03,-4.932223162171567310e-02
2.773500000001685294e+03,-2.199326880452190380e-02
2.774500000001687113e+03,-1.952278347712876894e-02
2.775500000001688932e+03,-4.141849056773594384e-02
2.776500000001690751e+03,-2.239180998680012635e-02
2.777500000001692570e+03,-7.628915007273917581e-04
2.778500000001694389e+03,-8.692173474088349394e-03
2.779500000001696208e+03,5.282876951054049641e-02
2.780500000001698027e+03,5.827821914806463610e-03
2.781500000001699846e+03,-2.929035135420576808e-02
2.782500000001701665e+03,-1.906127898786280639e-02
2.783500000001703484e+03,-1.800233969134978906e-03
2.784500000001705303e+03,-4.500119196947593991e-02
2.785500000001707122e+03,3.508203294586564880e-04
2.786500000001708941e+03,-1.086208257075327310e-02
2.787500000001710760e+03,-9.693269158560724463e-03
2.788500000001712579e+03,-3.542762125192666645e-03
2.789500000001714398e+03,4.772469162833203882e-02
2.790500000001716217e+03,4.119613103114261321e-03
2.791500000001718035e+03,3.984667820134291105e-03
2.792500000001719854e+03,-5.767314636301534847e-03
2.793500000001721673e+03,-2.819978885187879314e-02
2.794500000001723492e+03,3.422988567635343315e-02
2.795500000001725311e+03,5.757469100413459273e-02
2.796500000001727130e+03,2.150565949739302596e-02
2.797500000001728949e+03,-2.193783506339741507e-02
2.798500000001730768e+03,-1.725245440695744037e-02
2.799500000001732587e+03,-1.223615907377961776e-03
2.800500000001734406e+03,-2.541765338290247200e-02
2.801500000001736225e+03,1.585935063795318456e-02
2.802500000001738044e+03,-2.132131942613568754e-02
2.803500000001739863e+03,-2.523422857299806310e-02
2.804500000001741682e+03,-2.521165777480405268e-02
2.805500000001743501e+03,-2.234795234372199957e-02
2.806500000001745320e+03,-2.046232622845423066e-02
2.807500000001747139e+03,-1.216045539641186224e-02
2.808500000001748958e+03,1.333220923942235459e-02
2.809500000001750777e+03,-6.783945941208457953e-03
2.810500000001752596e+03,3.274577095464792365e-02
2.811500000001754415e+03,-6.660529284687299878e-03
2.812500000001756234e+03,-2.792671331803830981e-02
2.813500000001758053e+03,-1.937489605359132838e-02
2.814500000001759872e+03,-2.124865020635979818e-02
2.815500000001761691e+03,-2.142025230861577256e-02
2.816500000001763510e+03,7.078643088249236826e-03
2.817500000001765329e+03,-4.320127152581676455e-02
2.818500000001767148e+03,-3.000846647304911130e-02
2.819500000001768967e+03,-8.402614455263801574e-03
2.820500000001770786e+03,3.836809824119313816e-02
2.821500000001772605e+03,1.317781112686589040e-02
2.822500000001774424e+03,5.355216164730336459e-03
2.823500000001776243e+03,-4.262373796024121475e-03
2.824500000001778517e+03,-2.725009090670482692e-02
2.825500000001780336e+03,4.335224426222339389e-02
2.826500000001782155e+03,5.210967710431191335e-02
2.827500000001783974e+03,2.795786357015117574e-02
2.828500000001785793e+03,-4.988255622777160170e-03
2.829500000001787612e+03,-2.948656972003504961e-02
2.830500000001789431e+03,8.549174707496831616e-03
2.831500000001791250e+03,-2.142274602675797723e-02
2.832500000001793069e+03,9.621601147216551908e-03
2.833500000001794888e+03,-3.687995881273309351e-02
2.834500000001796707e+03,-1.583337870093259880e-02
2.835500000001798526e+03,-4.068402928777459238e-02
2.836500000001800345e+03,-1.996664887116139653e-02
2.837500000001802164e+03,-3.671332150778994219e-02
2.838500000001803983e+03,-1.800911171969232782e-02
2.839500000001805802e+03,1.575909590144419781e-03
2.840500000001807621e+03,-1.303683506887409749e-02
2.841500000001809440e+03,3.417343718135157360e-02
2.842500000001811259e+03,-1.684140246908327754e-03
2.843500000001813078e+03,-2.567812374979894230e-02
2.844500000001814897e+03,-5.565243877782677373e-03
2.845500000001816716e+03,-1.765959957864993157e-02
2.846500000001818535e+03,-4.344634078535136723e-02
2.847500000001820354e+03,1.129694258361269021e-02
2.848500000001822173e+03,-3.041473418011264584e-02
2.849500000001823992e+03,1.467128734788047950e-03
